"lemma","frequency"
"computerscience",857
"ComputerScience",585
"coding",331
"programming",264
"programmer",243
"computer",170
"technology",159
"developer",141
"College",134
"kcgcollege",133
"AnnaUniversity",133
"student",130
"python",126
"tech",125
"Learning",119
"The",116
"machinelearning",115
"techsocialnetwork",111
"software",103
"amp",92
"development",90
"html",88
"coder",88
"science",86
"artificialintelligence",86
"code",84
"webdevelopment",81
"javascript",79
"Check",75
"cs",73
"Education",72
"Computer",72
"Intelligence",70
"Artificial",70
"via",66
"Python",63
"Science",61
"STEM",60
"programminglife",59
"Developer",58
"Programmer",57
"article",55
"learning",54
"today",51
"programmingjokes",51
"education",51
"data",51
"Age",51
"webdesign",50
"java",50
"MachineLearning",50
"webdeveloper",48
"Machine",47
"How",47
"website",45
"web",45
"frontend",45
"university",43
"training",43
"2019",43
"Data",41
"design",40
"This",40
"DataScience",40
"get",39
"backend",39
"Learn",39
"ProgrammerHumor",38
"work",37
"program",37
"new",37
"like",37
"highprogrammer",37
"datascience",37
"ProgrammingJokes",37
"ProgrammingFun",37
"ProgrammerLife",37
"ArtificialIntelligence",37
"Algorithms",36
"job",35
"computing",35
"amsterdam",35
"What",35
"webdev",34
"learn",33
"know",33
"Are",33
"cybersecurity",32
"Programming",32
"engineering",31
"using",30
"teacher",30
"school",30
"iteducation",30
"github",30
"bigdata",30
"great",29
"engineeringcolleges",29
"career",29
"KCGCOLLEGE",29
"IoT",29
"year",28
"scientist",28
"project",28
"free",28
"You",28
"teaching",27
"one",27
"hardware",27
"day",27
"course",27
"softwaredeveloper",26
"degree",26
"class",26
"best",26
"research",25
"help",25
"event",25
"algorithm",25
"And",25
"way",24
"use",24
"including",24
"PhD",24
"For",24
"Computerscience",24
"week",23
"place",23
"make",23
"Your",23
"future",22
"fun",22
"classroom",22
"Mathematics",22
"Computers",22
"time",21
"informationtechnology",21
"geek",21
"Time",21
"GCSE",21
"DeepLearning",21
"resource",20
"people",20
"next",20
"need",20
"csforall",20
"codinglife",20
"Technology",20
"2020",20
"update",19
"model",19
"Tech",19
"New",19
"Coding",19
"video",18
"system",18
"softwaredevelopment",18
"skill",18
"robotics",18
"read",18
"math",18
"interview",18
"good",18
"cloud",18
"application",18
"Thanks",18
"Software",18
"Deep",18
"All",18
"study",17
"many",17
"industry",17
"grade",17
"Well",17
"Ways",17
"Students",17
"Security",17
"Read",17
"Linux",17
"Join",17
"Apply",17
"well",16
"problem",16
"opportunity",16
"online",16
"android",16
"Back",16
"workshop",15
"used",15
"stem",15
"machine",15
"love",15
"looking",15
"join",15
"first",15
"deal",15
"computerscientists",15
"Using",15
"Teacher",15
"Our",15
"Google",15
"Family",15
"Come",15
"Can",15
"young",14
"write",14
"topic",14
"take",14
"see",14
"paper",14
"opengenus",14
"offer",14
"linux",14
"life",14
"innovation",14
"idea",14
"gaming",14
"edtech",14
"computerscientist",14
"Why",14
"STEAM",14
"Microsoft",14
"Hogging",14
"Have",14
"Get",14
"DevOps",14
"December",14
"Code",14
"CSforAll",14
"world",13
"want",13
"team",13
"part",13
"open",13
"major",13
"look",13
"lesson",13
"language",13
"kid",13
"hacking",13
"game",13
"follow",13
"deeplearning",13
"curriculum",13
"computerengineering",13
"challenge",13
"available",13
"With",13
"Were",13
"University",13
"Networks",13
"Its",13
"Improving",13
"Endpoint",13
"Cloud",13
"woman",12
"window",12
"technews",12
"support",12
"start",12
"network",12
"making",12
"lot",12
"find",12
"engineer",12
"computerScience",12
"compsci",12
"cant",12
"also",12
"Tutorial",12
"Top",12
"Source",12
"QuantumComputing",12
"JavaScript",12
"Java",12
"Great",12
"FREE",12
"Engineer",12
"Digital",12
"Computing",12
"BlackFriday2019",12
"BlackFriday",12
"Analytics",12
"would",11
"wait",11
"think",11
"techconference",11
"someone",11
"solution",11
"softwareengineer",11
"php",11
"obafemiawolowouniversity",11
"oauife",11
"naijastudents",11
"nacossoau",11
"nacoss",11
"intelligence",11
"gtgt",11
"girl",11
"field",11
"ever",11
"cscon19",11
"cscon",11
"codeismylife",11
"build",11
"apple",11
"across",11
"access",11
"Training",11
"Throw",11
"Search",11
"Research",11
"Online",11
"Network",11
"Here",11
"Engineering",11
"CSCON",11
"Big",11
"wanted",10
"thing",10
"teach",10
"talk",10
"started",10
"share",10
"selection",10
"run",10
"robot",10
"qual",10
"professor",10
"plan",10
"path",10
"nigerianuniversity",10
"made",10
"laptop",10
"hacker",10
"discus",10
"developerlife",10
"company",10
"community",10
"codinggirl",10
"building",10
"assignment",10
"apply",10
"analytics",10
"WebDevelopers",10
"Visual",10
"Thank",10
"Statistics",10
"Should",10
"Prof",10
"PhDGermany",10
"Model",10
"KUBO",10
"HourOfCode",10
"Help",10
"HTML",10
"From",10
"Discover",10
"Day",10
"CloudComputing",10
"100DaysOfCode",10
"working",9
"two",9
"try",9
"success",9
"state",9
"starting",9
"right",9
"rProgramming",9
"qubits",9
"pay",9
"offered",9
"mathematics",9
"kalilinux",9
"instagood",9
"guideline",9
"four",9
"expert",9
"done",9
"discussion",9
"digital",9
"csedweek",9
"age",9
"africanuniversity",9
"able",9
"Visit",9
"There",9
"TCEA",9
"STEMeducation",9
"ReinforcementLearning",9
"Quick",9
"Professor",9
"Please",9
"PSA",9
"Now",9
"November",9
"Modern",9
"Make",9
"MSFTEduChat",9
"Ive",9
"Facebook",9
"Dont",9
"Degree",9
"Clarification",9
"Certification",9
"Best",9
"wordpress",8
"without",8
"variable",8
"type",8
"thanks",8
"subject",8
"studying",8
"softwareengineering",8
"session",8
"really",8
"ready",8
"question",8
"physic",8
"partner",8
"much",8
"meeting",8
"lovecoding",8
"list",8
"level",8
"launch",8
"latest",8
"kidscancode",8
"improve",8
"hear",8
"guide",8
"grader",8
"got",8
"generation",8
"freelance",8
"fiuscis",8
"excellent",8
"ethic",8
"educator",8
"early",8
"deep",8
"create",8
"coming",8
"codingbootcamp",8
"codeislife",8
"check",8
"break",8
"big",8
"based",8
"artificial",8
"art",8
"answer",8
"amazing",8
"along",8
"Windows",8
"Will",8
"They",8
"Systems",8
"See",8
"Scientific",8
"Reliyant",8
"NeuralNetwork",8
"Management",8
"K12",8
"Find",8
"Cybersecurity",8
"Course",8
"Book",8
"BigData",8
"AIBest",8
"womenintech",7
"welcome",7
"user",7
"top",7
"tomorrow",7
"term",7
"supporting",7
"steam",7
"show",7
"resume",7
"public",7
"proud",7
"programmerhumor",7
"priority",7
"present",7
"platform",7
"okcompsci",7
"number",7
"month",7
"live",7
"little",7
"leading",7
"last",7
"human",7
"hour",7
"hiring",7
"high",7
"google",7
"girlscancode",7
"getting",7
"friend",7
"found",7
"every",7
"detail",7
"dell4good",7
"csed",7
"cs4all",7
"computationalthinking",7
"college",7
"business",7
"browser",7
"bring",7
"brasil",7
"brain",7
"better",7
"Week",7
"Via",7
"Unsupervised",7
"That",7
"THE",7
"Study",7
"Student",7
"Steerable",7
"Register",7
"OKsci",7
"Most",7
"More",7
"Liskov",7
"Just",7
"Job",7
"Innovation",7
"Information",7
"GrowWithGoogle",7
"General",7
"GangBoard",7
"E2Equivariant",7
"Dream",7
"Dec",7
"CodeNewbie",7
"Clustering",7
"CNNs",7
"But",7
"Barbara",7
"Architect",7
"Angular",7
"1st",7
"youre",6
"wow",6
"winning",6
"warcraft",6
"twitchtv",6
"transformer",6
"soon",6
"sign",6
"shipping",6
"set",6
"server",6
"said",6
"rpg",6
"role",6
"received",6
"reality",6
"provide",6
"programmingmemes",6
"programmerslife",6
"practice",6
"potential",6
"post",6
"order",6
"neuroscience",6
"networking",6
"nerdy",6
"nerdlife",6
"nerdbrasil",6
"mobile",6
"miss",6
"mind",6
"meet",6
"link",6
"let",6
"least",6
"kotlin",6
"joke",6
"issue",6
"internet",6
"interesting",6
"interested",6
"interest",6
"image",6
"hourofcode",6
"hard",6
"happiness",6
"hack",6
"graduate",6
"give",6
"girlswhocode",6
"gcse",6
"gamerguy",6
"function",6
"fortnight",6
"fast",6
"fantastic",6
"experience",6
"error",6
"easy",6
"dungeonsanddragons",6
"dont",6
"document",6
"device",6
"dev",6
"cool",6
"computersciencemajor",6
"codingisfun",6
"cinema",6
"child",6
"changing",6
"campus",6
"call",6
"botball",6
"book",6
"blockchain",6
"barrier",6
"back",6
"awesome",6
"award",6
"attempt",6
"app",6
"anime",6
"ago",6
"advance",6
"Year",6
"Want",6
"Use",6
"USA",6
"Serverless",6
"Semantic",6
"School",6
"Robotics",6
"Program",6
"Principles",6
"Neural",6
"Michigan",6
"Methods",6
"Like",6
"Lets",6
"Laboratory",6
"Know",6
"IIoT",6
"Hour",6
"Guide",6
"Group",6
"Good",6
"GoLang",6
"Getting",6
"German",6
"Friday",6
"Free",6
"File",6
"Fellowships",6
"Discounts",6
"Discount",6
"Datascientist",6
"DallasISD",6
"Create",6
"Crazy",6
"Congratulations",6
"CUDA",6
"Brain",6
"Basic",6
"Azure",6
"ArtificialInteligence",6
"Advanced",6
"youll",5
"writing",5
"womeninstem",5
"volunteer",5
"view",5
"tutorial",5
"tour",5
"took",5
"tonight",5
"together",5
"thats",5
"tell",5
"sure",5
"service",5
"series",5
"self",5
"security",5
"save",5
"request",5
"related",5
"quick",5
"quality",5
"pythonprogramming",5
"programmerlife",5
"process",5
"prepare",5
"policy",5
"point",5
"play",5
"party",5
"overcome",5
"opening",5
"onlineClass",5
"multiaward",5
"modern",5
"might",5
"memory",5
"mean",5
"may",5
"machineLearning",5
"literacy",5
"learntocode",5
"learnprogramming",5
"learned",5
"journey",5
"jobalerts",5
"javaprogramming",5
"introduction",5
"internship",5
"instructor",5
"inspire",5
"initiative",5
"infrastructure",5
"information",5
"info",5
"huge",5
"hosted",5
"homeworkhelp",5
"highered",5
"heard",5
"guy",5
"group",5
"govtjob",5
"goal",5
"full",5
"forward",5
"fiucec",5
"fiu",5
"facing",5
"explore",5
"excited",5
"etc",5
"equitable",5
"engaging",5
"end",5
"encryption",5
"directly",5
"digitaltransformation",5
"designed",5
"cyber",5
"csharp",5
"cschat",5
"credit",5
"creating",5
"created",5
"could",5
"conference",5
"computational",5
"communication",5
"close",5
"clear",5
"city",5
"celebrate",5
"car",5
"called",5
"assignmentdue",5
"ask",5
"architecture",5
"apps",5
"approach",5
"appdeveloper",5
"another",5
"analysis",5
"alone",5
"aim",5
"activity",5
"YOU",5
"Who",5
"Which",5
"When",5
"Wang",5
"Video",5
"Tools",5
"TCNN",5
"Studentclient",5
"State",5
"Start",5
"Some",5
"Social",5
"STEAMeducation",5
"Reinforcement",5
"Recruitment",5
"ReactJS",5
"RStats",5
"President",5
"Preparing",5
"Onlinecourses",5
"One",5
"Nov",5
"Next",5
"Need",5
"Metric",5
"Meet",5
"Looking",5
"Look",5
"Library",5
"Let",5
"Kids",5
"Interview",5
"Internet",5
"International",5
"InformationTechnology",5
"ICT",5
"Hey",5
"Hackathon",5
"Granularity",5
"Generative",5
"Future",5
"Essay",5
"EduTwitter",5
"EduAuthors",5
"EdTech",5
"Download",5
"Did",5
"Design",5
"DataScientist",5
"Casestudy",5
"Call",5
"CSEd",5
"Bring",5
"Blockchain",5
"Beginners",5
"Become",5
"Awards",5
"Australia",5
"Assistant",5
"Apple",5
"Another",5
"Analysis",5
"Algebra",5
"ACM",5
"8th",5
"100",5
"workaceathoncom",4
"west",4
"websitedeveloper",4
"webdesigner",4
"warns",4
"visual",4
"visit",4
"virtual",4
"version",4
"upefiu",4
"understanding",4
"understand",4
"tool",4
"thought",4
"thank",4
"text",4
"tensorflow",4
"taking",4
"survey",4
"sunractoons",4
"stuff",4
"strategy",4
"step",4
"standard",4
"stage",4
"spirit",4
"special",4
"sound",4
"sort",4
"simulation",4
"simple",4
"shouldnt",4
"short",4
"sharing",4
"several",4
"setonhill",4
"seen",4
"seeing",4
"scratch",4
"say",4
"review",4
"result",4
"researcher",4
"released",4
"reinforcement",4
"recognition",4
"recently",4
"recent",4
"react",4
"pursuing",4
"programminglanguage",4
"programme",4
"pretty",4
"presented",4
"position",4
"popular",4
"please",4
"playing",4
"plant",4
"photo",4
"phone",4
"performance",4
"pas",4
"parent",4
"page",4
"operation",4
"office",4
"neural",4
"nature",4
"name",4
"must",4
"music",4
"multiple",4
"morning",4
"minute",4
"men",4
"mathdb",4
"map",4
"man",4
"logic",4
"location",4
"line",4
"learn4life",4
"knowledge",4
"key",4
"isnt",4
"involved",4
"investment",4
"introducing",4
"interactive",4
"inspiring",4
"inspiration",4
"innovator",4
"increase",4
"important",4
"impact",4
"iCode",4
"host",4
"helping",4
"happens",4
"griffin",4
"gpu",4
"going",4
"glad",4
"giving",4
"gender",4
"gamedeveloper",4
"funny",4
"framework",4
"forget",4
"food",4
"fire",4
"faster",4
"fact",4
"exploration",4
"example",4
"everything",4
"even",4
"equipment",4
"episode",4
"ensuring",4
"effective",4
"eBook",4
"due",4
"driving",4
"documentorum",4
"district",4
"discussing",4
"different",4
"developed",4
"demand",4
"decision",4
"deadline",4
"datastructures",4
"datascientist",4
"dataprotection",4
"database",4
"dataanalytics",4
"dailycartoon",4
"customer",4
"curious",4
"csk8",4
"creative",4
"coordinator",4
"content",4
"consciousness",4
"computersoftware",4
"complex",4
"completing",4
"common",4
"collegelife",4
"collaboration",4
"codingmemes",4
"choose",4
"chemistry",4
"century",4
"center",4
"categoryScienceComputerScience",4
"caschat",4
"cartoon",4
"bursary",4
"bringing",4
"brainhacking",4
"blog",4
"bit",4
"binary",4
"bgsu",4
"beginner",4
"basic",4
"away",4
"awarded",4
"automation",4
"around",4
"always",4
"already",4
"aiaustralia",4
"agriculture",4
"addition",4
"adalovelace",4
"achievement",4
"academic",4
"YouTube",4
"WomenInTech",4
"Wed",4
"Website",4
"WALKTHROUGH",4
"Vanguard",4
"VIDEO",4
"UoPeople",4
"Understanding",4
"Ubuntu",4
"Theres",4
"Technologies",4
"Team",4
"Teach",4
"Take",4
"TXed",4
"System",4
"Supercharged",4
"Subscribe",4
"Structures",4
"Store",4
"Sparks",4
"SoftwareEngineer",4
"Skills",4
"She",4
"Second",4
"Save",4
"SC19",4
"Robot",4
"Road",4
"Registration",4
"Questions",4
"Programmers",4
"Platform",4
"Pearson",4
"PagePDF",4
"PLTW",4
"Over",4
"Object",4
"News",4
"Never",4
"Monday",4
"Minecraft",4
"Medicine",4
"Max",4
"Masters",4
"Mail",4
"MSc",4
"MITs",4
"Lovelace",4
"Link",4
"LOVE",4
"KS4",4
"January",4
"IntelaSolutions",4
"IntelaEducation",4
"Intela",4
"Institute",4
"Industry",4
"Images",4
"IBM",4
"Human",4
"Hub",4
"High",4
"Heres",4
"Healthcare",4
"HTTP",4
"Global",4
"GitHub",4
"Game",4
"FutureReadySkills",4
"FutureReady",4
"FogComputing",4
"Five",4
"Fibonacci",4
"Fellowship",4
"Featured",4
"Example",4
"Every",4
"Email",4
"Elementary",4
"Eduporium",4
"Earn",4
"Diversifying",4
"Director",4
"Differential",4
"Difference",4
"Development",4
"Department",4
"Cyber",4
"Control",4
"Confused",4
"Computerphile",4
"Chrome",4
"Christmas",4
"Cheltenham",4
"Challenge",4
"Center",4
"Calculus",4
"Business",4
"Building",4
"Blog",4
"Black",4
"Between",4
"Benefits",4
"Architecture",4
"Applications",4
"Android",4
"Amazon",4
"Adversarial",4
"Ada",4
"AWS",4
"ALL",4
"917065779966",4
"917065779933",4
"7th",4
"5th",4
"3rd",4
"21st",4
"20th",4
"1962",4
"worth",3
"worked",3
"womenincomputerscience",3
"within",3
"winter",3
"weekly",3
"weekend",3
"watch",3
"vision",3
"valid",3
"useful",3
"us",3
"updated",3
"unplugged",3
"true",3
"traditional",3
"three",3
"theory",3
"test",3
"teachingresources",3
"teachertwitter",3
"talking",3
"table",3
"swift",3
"style",3
"studentadvocate",3
"store",3
"still",3
"stemeducation",3
"stay",3
"statistic",3
"stack",3
"square",3
"spot",3
"space",3
"something",3
"solve",3
"solar",3
"softwaredevelopmentcoding",3
"society",3
"small",3
"skilldevelopmentprogram",3
"skilldevelopmentcourses",3
"skilldevelopment",3
"shared",3
"sewer",3
"serious",3
"semester",3
"sciencejobs",3
"scholarship",3
"salary",3
"rustlang",3
"running",3
"roundtrip",3
"riskmanagement",3
"required",3
"relationship",3
"region",3
"reference",3
"receive",3
"reach",3
"pytorch",3
"puzzle",3
"put",3
"purchased",3
"psychology",3
"providing",3
"provides",3
"prototype",3
"promo",3
"programmingofficial",3
"programmingmemesprogramming",3
"programmerprogrammersdeveloperlifecoding",3
"programmed",3
"professional",3
"product",3
"probably",3
"privacy",3
"principle",3
"primary",3
"presenting",3
"power",3
"pipeline",3
"pipe",3
"pioneered",3
"phd",3
"pentest",3
"passion",3
"organization",3
"onto",3
"old",3
"offering",3
"objectdetection",3
"nontechnical",3
"non",3
"nodejs",3
"nice",3
"news",3
"necessary",3
"nation",3
"mxnet",3
"mistake",3
"million",3
"miami",3
"meme",3
"medium",3
"matter",3
"master",3
"market",3
"long",3
"letter",3
"lecture",3
"leadership",3
"leader",3
"ktube",3
"kidocode",3
"keyboard",3
"kera",3
"jobsearch",3
"jbergland",3
"involves",3
"introduced",3
"introduce",3
"interviewtips",3
"interface",3
"integration",3
"instance",3
"inspireCPS",3
"input",3
"indiangeek",3
"inclusive",3
"implement",3
"ideal",3
"humanity",3
"hosting",3
"hope",3
"honor",3
"homework",3
"hold",3
"head",3
"happyhacking",3
"happening",3
"handy",3
"grateful",3
"graduating",3
"graduated",3
"grad",3
"gave",3
"gate",3
"funded",3
"functional",3
"fully",3
"frequently",3
"founder",3
"former",3
"flow",3
"five",3
"finally",3
"file",3
"feature",3
"family",3
"faculty",3
"explained",3
"expand",3
"exciting",3
"everywhere",3
"everyone",3
"essential",3
"environment",3
"entry",3
"enough",3
"electronics",3
"economics",3
"drone",3
"dream",3
"discipline",3
"director",3
"direct",3
"devs",3
"develop",3
"demo",3
"defect",3
"datetime",3
"dataanalysis",3
"csk12",3
"csforgood",3
"crossword",3
"conversation",3
"control",3
"computervision",3
"computerskill",3
"computerprogramming",3
"computerinstitute",3
"comprehensive",3
"complete",3
"competition",3
"communicate",3
"comment",3
"come",3
"coderlifecodingisfun",3
"choice",3
"channel",3
"change",3
"certificate",3
"catch",3
"came",3
"caffe",3
"bug",3
"box",3
"body",3
"block",3
"biology",3
"billion",3
"bias",3
"benefit",3
"became",3
"background",3
"azure",3
"aws",3
"autonomous",3
"automotive",3
"assistant",3
"asked",3
"array",3
"architect",3
"angular",3
"androi",3
"afternoon",3
"advanced",3
"adopted",3
"added",3
"action",3
"aceathon",3
"ability",3
"Youll",3
"Yes",3
"YEETS",3
"Y11",3
"WomenInScience",3
"Wilkin",3
"While",3
"Whats",3
"Wednesday",3
"WEEK",3
"Volume",3
"Virtual",3
"Useful",3
"Unlock",3
"TweetMeet",3
"Try",3
"TrinityOpenDay",3
"Treakle",3
"Topic",3
"Todays",3
"Today",3
"Tips",3
"Three",3
"Thinking",3
"Think",3
"These",3
"Theory",3
"Then",3
"Thats",3
"Technical",3
"Teachers",3
"TODAY",3
"TIBHannover",3
"Success",3
"Subject",3
"SparkDev",3
"Solving",3
"Solutions",3
"SoftwareEngineering",3
"Snap",3
"Skill",3
"Sign",3
"Shows",3
"Shout",3
"Services",3
"Sequence",3
"Segmentation",3
"Scientist",3
"STREAM",3
"STEMforAll",3
"SALE",3
"Retweet",3
"Representations",3
"Really",3
"Reading",3
"RaspberryPi",3
"Quantum",3
"PyTorch",3
"Public",3
"Proud",3
"Problem",3
"Probability",3
"Prediction",3
"Post",3
"Point",3
"Planning",3
"Physics",3
"Photo",3
"Perfect",3
"PHP",3
"PGCE",3
"Operating",3
"OpenSourceStories",3
"Open",3
"Not",3
"Nichola",3
"Nice",3
"NeuralNetworks",3
"NLP",3
"NICERC",3
"NASA",3
"Mining",3
"MinecraftEdu",3
"Middle",3
"Microsofts",3
"Math",3
"Manipulation",3
"Making",3
"MajorMonday",3
"MIT",3
"MIEExpert",3
"Lots",3
"Looks",3
"Literacy",3
"Languages",3
"Language",3
"Lab",3
"LSTMs",3
"LSN",3
"Kubernetes",3
"Kim",3
"Keynote",3
"KS3",3
"KERNELS",3
"InterviewTips",3
"Instagram",3
"India",3
"Importance",3
"Impacts",3
"Impact",3
"Ill",3
"IAM",3
"HourofCode",3
"Hot",3
"Hiring",3
"Hidden",3
"Head",3
"Happy",3
"Hadoop",3
"Had",3
"HCI",3
"Got",3
"Germany",3
"Games",3
"GROUPS",3
"FutureOfWork",3
"Fundamentals",3
"Frameworks",3
"Foundation",3
"Follow",3
"Feb",3
"Face",3
"FRIDAY",3
"FASTER",3
"Explained",3
"Expert",3
"Excellent",3
"Examples",3
"Examiners",3
"Episode",3
"English",3
"ElectricalEngineering",3
"EduGrants",3
"Edu",3
"Edge",3
"Economics",3
"Economic",3
"Dig",3
"Developers",3
"Despite",3
"Decision",3
"David",3
"DataAnalytics",3
"Dash",3
"DanielaRus",3
"CyberAttack",3
"Curated",3
"Courses",3
"Consider",3
"Congrats",3
"Conference",3
"Computational",3
"Compiler",3
"Competition",3
"Click",3
"Classrooms",3
"Career",3
"Cant",3
"CTE",3
"CSS",3
"CSEducation",3
"CSEdu4All",3
"CSEdu",3
"CSAIL",3
"COOPERATIVE",3
"CIO",3
"CAPTURE",3
"Build",3
"Binary",3
"BetterTogether",3
"BesantTechnologies",3
"Before",3
"Based",3
"BTEC",3
"BLKFRD19",3
"BLACK",3
"Assignment",3
"Application",3
"App",3
"Ambassador",3
"Amazing",3
"AfterAcademy",3
"Activity",3
"Action",3
"Academy",3
"About",3
"4th",3
"2nd",3
"251119",3
"22nd",3
"1985",3
"150",3
"061219",3
"yr",2
"yql",2
"wstartup",2
"workforce",2
"word",2
"wont",2
"wonderful",2
"womenwhocode",2
"womeninscience",2
"womeninSTEM",2
"wireless",2
"winner",2
"win",2
"wide",2
"whether",2
"whats",2
"went",2
"wear",2
"wRampD",2
"vocabulary",2
"visiting",2
"value",2
"utilizing",2
"upon",2
"uploaded",2
"upgrade",2
"upcoming",2
"unique",2
"undergrad",2
"ultimately",2
"uleth",2
"uHack",2
"twitter",2
"tweet",2
"turtle",2
"turned",2
"tuned",2
"truth",2
"trimester",2
"trend",2
"tree",2
"transformative",2
"tracking",2
"tracker",2
"title",2
"thisisiowa",2
"third",2
"thinking",2
"thesis",2
"there",2
"themed",2
"theme",2
"thehill",2
"testing",2
"techtalk",2
"technical",2
"teamwork",2
"teachingcomputing",2
"teacherresources",2
"teacherlife",2
"teacherblog",2
"teacherCPD",2
"teachcode",2
"taught",2
"task",2
"syntax",2
"switch",2
"sustainable",2
"surveycircle",2
"surprise",2
"supplier",2
"sum",2
"successful",2
"subscribe",2
"submission",2
"story",2
"stock",2
"statement",2
"startup",2
"staff",2
"stackoverflow",2
"sql",2
"springerspecial",2
"spoke",2
"speed",2
"specialist",2
"speaking",2
"speaker",2
"source",2
"sorting",2
"solving",2
"softwareapps",2
"soft",2
"social",2
"smartphone",2
"smart",2
"skimmer",2
"site",2
"single",2
"since",2
"signal",2
"shape",2
"serving",2
"serve",2
"seriously",2
"seem",2
"seeking",2
"secure",2
"second",2
"script",2
"score",2
"sciencefiction",2
"scheduling",2
"sad",2
"rstats",2
"round",2
"room",2
"risk",2
"reward",2
"revision",2
"reviewed",2
"requires",2
"report",2
"repair",2
"remote",2
"remark",2
"relies",2
"rejected",2
"register",2
"redbankway",2
"recruiter",2
"record",2
"recommender",2
"recognize",2
"reasoning",2
"realworld",2
"reading",2
"range",2
"raise",2
"quiz",2
"quickly",2
"queue",2
"quantumcomputing",2
"pythonplusplus",2
"pythonlanguage",2
"pythoninhindi",2
"putting",2
"pursue",2
"provided",2
"protect",2
"proof",2
"promote",2
"promise",2
"progress",2
"programmingisfun",2
"proficient",2
"production",2
"produce",2
"processing",2
"problemsolving",2
"pro",2
"prize",2
"principal",2
"presentation",2
"preparing",2
"precision",2
"potentially",2
"possible",2
"possibility",2
"population",2
"policymakers",2
"podcast",2
"played",2
"piano",2
"perspective",2
"person",2
"perfect",2
"pattern",2
"past",2
"partnership",2
"participating",2
"pakistan",2
"paid",2
"overall",2
"outreach",2
"outcome",2
"organizing",2
"operating",2
"opensource",2
"oklaed",2
"nursing",2
"numerology",2
"northeast",2
"node",2
"night",2
"newest",2
"neuralnetworks",2
"neuralnetwork",2
"needed",2
"national",2
"mustangsrun",2
"munchkins",2
"multiplecertifications",2
"mtsdcareerstech",2
"movie",2
"mouse",2
"mood",2
"moment",2
"mockexams",2
"mission",2
"minor",2
"military",2
"middleschool",2
"middle",2
"microsoft",2
"microservices",2
"microbits",2
"method",2
"mentorship",2
"mentor",2
"medical",2
"measure",2
"mba",2
"material",2
"marketing",2
"management",2
"makered",2
"maker",2
"looked",2
"longer",2
"london",2
"local",2
"listen",2
"linked",2
"library",2
"left",2
"led",2
"learnjavascript",2
"learningisfun",2
"le",2
"law",2
"launched",2
"latter",2
"late",2
"largest",2
"largescale",2
"large",2
"land",2
"lacking",2
"lack",2
"lab",2
"knew",2
"kind",2
"killed",2
"kicked",2
"kick",2
"keep",2
"k12",2
"jquery",2
"joining",2
"jobsinlondon",2
"itsupport",2
"iti",2
"istelib",2
"invited",2
"invite",2
"introductory",2
"internal",2
"intern",2
"interaction",2
"interacting",2
"intelligent",2
"integrates",2
"integrate",2
"institution",2
"instead",2
"install",2
"inside",2
"infrared",2
"infosec",2
"informative",2
"informationsecurity",2
"infographic",2
"indonesia",2
"individual",2
"incredibly",2
"incredible",2
"increasing",2
"include",2
"importance",2
"import",2
"iPhone",2
"hyderabad",2
"humor",2
"hpc",2
"however",2
"house",2
"horizon",2
"home",2
"holiday",2
"hole",2
"hire",2
"highest",2
"here",2
"hci",2
"havent",2
"harnessed",2
"happy",2
"happen",2
"hand",2
"guru",2
"guidance",2
"guess",2
"grow",2
"greatest",2
"graphic",2
"given",2
"git",2
"girlsinstem",2
"georgiatech",2
"gatecse",2
"gas",2
"gamedev",2
"gain",2
"futureneuro",2
"funnyprogramming",2
"fundamental",2
"frustrate",2
"front",2
"freeeducation",2
"freecomputercourses",2
"form",2
"forever",2
"fooled",2
"following",2
"followed",2
"folk",2
"focused",2
"flexible",2
"fix",2
"fiucareer",2
"fitness",2
"finishing",2
"finance",2
"final",2
"fill",2
"fight",2
"female",2
"feeling",2
"feedback",2
"favorite",2
"fall2019",2
"factor",2
"facility",2
"facial",2
"eye",2
"explores",2
"explicitly",2
"explaining",2
"exception",2
"exam",2
"exactly",2
"evening",2
"equity",2
"entitled",2
"entire",2
"enterprise",2
"ensure",2
"enjoying",2
"enjoyed",2
"enjoy",2
"enhance",2
"engine",2
"engaged",2
"endless",2
"empowers",2
"employability",2
"email",2
"element",2
"electricalengineering",2
"elearning",2
"either",2
"eighth",2
"effectively",2
"educationforall",2
"educational",2
"edge",2
"edchat",2
"earning",2
"eBooks",2
"dynamic",2
"dual",2
"driver",2
"draganddrop",2
"draft",2
"downloading",2
"download",2
"domain",2
"doingmeet",2
"doctoral",2
"diversity",2
"display",2
"disability",2
"dirty",2
"diploma",2
"dig",2
"didnt",2
"diagnostics",2
"devopsengineer",2
"devops",2
"developdesignprototype",2
"determination",2
"designthinking",2
"designingdeveloping",2
"deserves",2
"delivered",2
"delighted",2
"defense",2
"dedicated",2
"debug",2
"date",2
"datascientists",2
"danger",2
"dance",2
"daily",2
"cyberweek",2
"cybercrime",2
"currently",2
"current",2
"csforar",2
"csdiscoveries",2
"cryptocurrency",2
"creativity",2
"cpp",2
"country",2
"couldnt",2
"convert",2
"considered",2
"connected",2
"connect",2
"concept",2
"computerscienceweek",2
"computernews",2
"completed",2
"compilerdesign",2
"command",2
"comic",2
"combining",2
"color",2
"collection",2
"colleague",2
"codyblox",2
"codenewbie",2
"club",2
"circle",2
"chief",2
"cheetah",2
"charity",2
"chance",2
"challenging",2
"certification",2
"certainly",2
"centre",2
"careershunterbondcom",2
"card",2
"candidate",2
"cancer",2
"camera",2
"camden",2
"calling",2
"calendar",2
"busy",2
"built",2
"bot",2
"bos",2
"believe",2
"behind",2
"beginning",2
"begin",2
"bebras",2
"beautiful",2
"beat",2
"basiccomputerskill",2
"bandwidth",2
"bachelor",2
"avoid",2
"average",2
"authority",2
"augmented",2
"astrology",2
"assessment",2
"aspergers",2
"aspect",2
"area",2
"approve",2
"apart",2
"anything",2
"anyone",2
"announce",2
"andro",2
"andr",2
"andor",2
"analyze",2
"among",2
"akin",2
"ahead",2
"agree",2
"advocating",2
"advisor",2
"advice",2
"adult",2
"address",2
"according",2
"accessory",2
"accessible",2
"abstract",2
"Zhang",2
"York",2
"Yang",2
"XRParmy",2
"XRP",2
"Wyoming",2
"Write",2
"Would",2
"World",2
"Workshop",2
"WomenInSTEM",2
"Woman",2
"Wished",2
"Whole",2
"WhatsApp",2
"Weve",2
"Wellacre",2
"Welcome",2
"WednesdayWisdom",2
"Webdesign",2
"WebDevelopment",2
"Waterbury",2
"Watch",2
"Wall",2
"VisionLoss",2
"Virginia",2
"View",2
"Victoria",2
"Victor",2
"Very",2
"Version",2
"Uses",2
"User",2
"Unsplash",2
"Unity",2
"Unfulfilled",2
"Uncle",2
"Udemy",2
"URL",2
"UNIX",2
"UKEdchat",2
"Type",2
"Tynker",2
"Tuncer",2
"Tuesday",2
"Trustees",2
"Trends",2
"Transforming",2
"Transfer",2
"Train",2
"Tool",2
"Tomorrow",2
"Told",2
"Tim",2
"Tien",2
"Through",2
"Third",2
"Things",2
"Them",2
"Thanksgiving",2
"Test",2
"TensorFlow",2
"Tell",2
"Telford",2
"TechnologyUpdates",2
"Techniques",2
"Techjobs",2
"TechCampus",2
"Tasks",2
"Talent",2
"Tableau",2
"Synthesis",2
"Symposium",2
"Swindon",2
"Survey",2
"Support",2
"Sunday",2
"Suitable",2
"Studio",2
"Strategy",2
"Steve",2
"States",2
"Stanford",2
"Standard",2
"Stack",2
"Sports",2
"Spencer",2
"Speech",2
"Southend",2
"SoftwareEngineeringComputerScienceComputerEngineering",2
"SoftwareEngineeringComputerEngineeringComputerScience",2
"SoftwareDevelopers",2
"Smallest",2
"Skillset",2
"Sir",2
"Singapore",2
"Session",2
"Service",2
"Series",2
"Send",2
"Seattle",2
"Season",2
"Scientists",2
"ScienceTechnology",2
"SchoolCounselors",2
"Scholarship",2
"Scalable",2
"SaturdayMorning",2
"Saturday",2
"SanDiego",2
"Sampling",2
"Sam",2
"Salary",2
"Sadly",2
"SaaS",2
"SIParCS",2
"SAP",2
"SALEComputer",2
"Run",2
"Robots",2
"Robotic",2
"Risks",2
"RiskManagement",2
"Responsibility",2
"Researchers",2
"Required",2
"Regional",2
"Reduction",2
"RedietAbebe",2
"Recvlohe",2
"Reasons",2
"Reality",2
"ReadingGrowth",2
"RampD",2
"RPA",2
"RIASEC",2
"Pupils",2
"Psychology",2
"Pruning",2
"Promise",2
"Project",2
"Progressive",2
"ProgrammingLanguages",2
"Professional",2
"Predictive",2
"Predict",2
"Power",2
"Posts",2
"Plymouth",2
"Plano",2
"PhDChat",2
"PerfectAttendance",2
"Per",2
"Peking",2
"Pay",2
"Patterns",2
"Party",2
"Participants",2
"Papers",2
"PaaS",2
"PRIDEinLancaster",2
"Ozobot",2
"Oxford",2
"OpenSource",2
"Official",2
"OCR",2
"Nourse",2
"Northeast",2
"North",2
"Night",2
"NewHaven",2
"National",2
"NVIDIA",2
"NOW",2
"Munvo",2
"Moving",2
"Movie",2
"Modeling",2
"Mobile",2
"Missing",2
"MicrosoftEdu",2
"MicrosoftEDU",2
"Memory",2
"Medical",2
"Media",2
"Mechanics",2
"Mathematical",2
"MathGrowth",2
"MastersDegree",2
"Martin",2
"Manager",2
"Managed",2
"Major",2
"Maidstone",2
"Mai",2
"MaharishiU",2
"Made",2
"Machines",2
"MST",2
"MSCS",2
"Love",2
"London",2
"Logic",2
"Local",2
"Live",2
"Liu",2
"Literally",2
"List",2
"Linear",2
"Level",2
"Lessons",2
"Lesson",2
"LegoLeague",2
"Lee",2
"Leadership",2
"Lead",2
"Law",2
"Latest",2
"Larochelle",2
"LargeScale",2
"Large",2
"LLNLatSC",2
"Kong",2
"King",2
"KidsDeserveIt",2
"Keywords",2
"Key",2
"Keshavan",2
"Kahoot",2
"KAUST",2
"Julian",2
"Julia",2
"Josh",2
"Javascript",2
"Jargon",2
"Ireland",2
"Iowa",2
"IoTmobile",2
"Investment",2
"Inverse",2
"Introduction",2
"Interviews",2
"Intersection",2
"InternetOfThings",2
"Interesting",2
"Interaction",2
"Integration",2
"Instead",2
"Inspired",2
"Insight",2
"InformationScience",2
"Industrial",2
"Improve",2
"Image",2
"IgniteMyFuture",2
"IaaS",2
"IDE",2
"Hull",2
"Hugo",2
"Hope",2
"Hooks",2
"Hits",2
"Hit",2
"History",2
"Hiram",2
"HigherEducation",2
"HiTech",2
"Hello",2
"Having",2
"Hartford",2
"Habits",2
"HSCC",2
"HPCisNow",2
"HEY",2
"HAVE",2
"Guillaume",2
"Guaranteed",2
"GrowthMindset",2
"Graphics",2
"Graph",2
"Graduate",2
"GoogleEDU",2
"God",2
"Give",2
"GetKahoot",2
"Georgia",2
"GenY",2
"GenX",2
"Gao",2
"Gain",2
"GVSU",2
"GSOCSTEMEXPO",2
"GIS",2
"Full",2
"Friends",2
"FridayThoughts",2
"FridayFeeling",2
"Foundations",2
"Foster",2
"Fortnite",2
"FogComputingResearch",2
"FogApplications",2
"FlashbackFriday",2
"Fintech",2
"Finally",2
"Fifth",2
"FewShot",2
"Features",2
"Feature",2
"Fantastic",2
"Fall",2
"FabFalcons",2
"Exploring",2
"Explore",2
"Explainable",2
"Experiences",2
"Experience",2
"Exeter",2
"Excited",2
"Examiner",2
"ExamBuilder",2
"Everything",2
"Everyone",2
"Ever",2
"Events",2
"Ethiopia",2
"Entrepreneurship",2
"Enterprise",2
"Engineers",2
"Engine",2
"End",2
"Encryption",2
"Emeritus",2
"Emerging",2
"Egypt",2
"Educate",2
"EduTech",2
"Edition",2
"Eclipse",2
"East",2
"Each",2
"EIE19",2
"Dylan",2
"Durham",2
"Due",2
"Driving",2
"DonkeyKong",2
"Donation",2
"Don",2
"Does",2
"Documentary",2
"Division",2
"DiversityInSTEAM",2
"Didnt",2
"Dictionary",2
"Detection",2
"Detecting",2
"Details",2
"Desktop",2
"Denary",2
"Demo",2
"Deliver",2
"Deficits",2
"Dear",2
"Deadline",2
"DeIdentification",2
"Days",2
"Dataset",2
"Databases",2
"Daphne",2
"DanceParty",2
"Dance",2
"Cyberschoolshub",2
"Customer",2
"Current",2
"Culture",2
"Could",2
"CorporateIT",2
"Corporate",2
"Cornell",2
"Cool",2
"Contact",2
"Connecticut",2
"ComputerProfessionalsProgram",2
"ComputerEngineering",2
"Complex",2
"Complete",2
"Compass",2
"CompSci",2
"CommunityHelper",2
"Community",2
"Communication",2
"Comment",2
"ComPro",2
"Collaboration",2
"Colchester",2
"CoilCreators",2
"CoilCommunity",2
"CodingforChange",2
"Coder",2
"Codeorg",2
"Club",2
"Chinas",2
"Children",2
"Child",2
"Chief",2
"Chapter",2
"Chad",2
"Ceremony",2
"Celebrating",2
"Causal",2
"Cards",2
"Car",2
"Cambridge",2
"Calling",2
"CYBER",2
"CSforall",2
"CSforALL",2
"CS4ALL",2
"CPU",2
"CPD",2
"COMPUTER",2
"CODE",2
"CBC",2
"CASE",2
"CARV",2
"Byrd",2
"Bridgeport",2
"Bournemouth",2
"Botball",2
"Bootcamp",2
"Boolean",2
"Books",2
"Bolton",2
"Boffins",2
"Blue",2
"BlackEngineers",2
"BirdBrain",2
"Biology",2
"Better",2
"BernersLee",2
"Bayesian",2
"Bastien",2
"BSc",2
"BGSU",2
"Awesome",2
"Ave",2
"Autonomous",2
"AugmentedReality",2
"Augmented",2
"Attention",2
"Asst",2
"Arcade",2
"Apples",2
"Answers",2
"Answer",2
"Annual",2
"Anand",2
"Ambassadors",2
"Also",2
"Almost",2
"Algorithm",2
"Alex",2
"Alert",2
"Ages",2
"After",2
"Across",2
"Access",2
"AIPowered",2
"9th",2
"810",2
"7wData",2
"6th",2
"58pm",2
"512",2
"330",2
"31000",2
"243",2
"21DayCkChallenge",2
"20192020",2
"124",2
"12032019",2
"11th",2
"1159pm",2
"10th",2
"101",2
"zure",1
"zenkoan",1
"yummy",1
"yr13",1
"youtubevideos",1
"youtubechannel",1
"youth",1
"youngminds",1
"younger",1
"youd",1
"youcant",1
"yoproductdesign",1
"yet",1
"year11computing",1
"wsn",1
"written",1
"writingcode",1
"wrangling",1
"woven",1
"wouldnt",1
"worse",1
"worksheet",1
"workload",1
"workhardplayhard",1
"workforcedevelopment",1
"workflow",1
"workbook",1
"wood",1
"wondered",1
"womenstem",1
"womenWhoCode",1
"womanintech",1
"wlv",1
"witnessed",1
"withinchild",1
"wish",1
"wire",1
"wipe",1
"winwin",1
"windows10",1
"willingness",1
"willing",1
"wifi",1
"wider",1
"whuch",1
"whole",1
"who",1
"whiteboarding",1
"whiteboard",1
"whistlestop",1
"whereby",1
"whatsappspywarerow",1
"wet",1
"wellrounded",1
"weft",1
"weekendvibes",1
"webinar",1
"webdevelopers",1
"webcoding",1
"webapp",1
"webAudio",1
"weaving",1
"weather",1
"wearehiring",1
"wearable",1
"weapon",1
"wavefunctions",1
"watermark",1
"watched",1
"wasting",1
"wasnt",1
"warsaw",1
"warp",1
"warning",1
"war",1
"wanting",1
"wallstreet",1
"waiting",1
"vote",1
"volvogroupjobs",1
"volunteering",1
"volunteered",1
"volume",1
"volatile",1
"voice",1
"visualisation",1
"vist",1
"visitor",1
"visionguided",1
"visionary",1
"virus",1
"virtualsummit",1
"virtualrealityday",1
"vinyl",1
"vintage",1
"videogames",1
"victory",1
"versus",1
"versatile",1
"verge",1
"venue",1
"vengance",1
"vendor",1
"vehicleautomotive",1
"vehicle",1
"various",1
"van",1
"valued",1
"valuable",1
"vacation",1
"vacancy",1
"usb",1
"urge",1
"urbanscience",1
"urbanplanning",1
"upwards",1
"uptodate",1
"upto",1
"upset",1
"upperdivision",1
"unveiled",1
"unusual",1
"unreal",1
"unlimited",1
"unl",1
"unknown",1
"unix",1
"universityindustry",1
"universe",1
"unit",1
"unisalerno",1
"unisa",1
"uniduisburgessen",1
"unidue",1
"unicorn",1
"unicitieducationhub",1
"uni",1
"underserved",1
"undergradresearch",1
"unboxing",1
"ultraboost",1
"ultrabook",1
"ukraine",1
"ukbebras",1
"uclainnovates",1
"ucla",1
"twitterverse",1
"tutorpace",1
"tutoring",1
"turtleArt",1
"turning",1
"turn",1
"turkey",1
"tuesdaythought",1
"tshirts",1
"tshirtThursday",1
"trying",1
"trusting",1
"trust",1
"truck",1
"troubleshooting",1
"troubleshoot",1
"trouble",1
"trippy",1
"trip",1
"trial",1
"trevorsilver",1
"trevor",1
"trending",1
"travel",1
"trash",1
"transmission",1
"translation",1
"transform",1
"transcends",1
"trait",1
"trainee",1
"trained",1
"train",1
"trailblazer",1
"traditionalmartialarts",1
"track",1
"toy",1
"toward",1
"tourney",1
"touch",1
"toto",1
"totally",1
"topcoders",1
"topapersiefogmailcom",1
"tlchat",1
"tirupur",1
"timetracker",1
"timePython",1
"till",1
"tiesd",1
"thus",1
"thrive",1
"thrilled",1
"threatdetectioncomputerscience",1
"thinkthrought",1
"thinkinghard",1
"theyre",1
"theyll",1
"thesiscake",1
"theresidents",1
"therell",1
"thereafter",1
"theparent",1
"thedevlife",1
"thebeatles",1
"theNetherlands",1
"theCoderSchool",1
"thanksgiving",1
"tester",1
"terror",1
"terminology",1
"tenure",1
"tensorboard",1
"tend",1
"template",1
"telescope",1
"telaviv",1
"teen",1
"techtips",1
"techtalent",1
"techrelated",1
"techradar",1
"technomanagement",1
"technologysolutions",1
"technologycompany",1
"technologyblog",1
"technocamps",1
"techlifestyle",1
"techjobs",1
"techgigs",1
"teched",1
"techcareers",1
"teamseale",1
"teaming",1
"teacherworkload",1
"teachersNQT",1
"teacherengaged",1
"teachemyoung",1
"teachcomputing",1
"tasty",1
"taste",1
"taskagnostic",1
"target",1
"talkin",1
"talent",1
"tale",1
"tailored",1
"tagsforlikes",1
"tag",1
"tackling",1
"tShirtTuesday",1
"systemintegration",1
"sysadmin",1
"synthesize",1
"synthesis",1
"sydney",1
"switchon",1
"switching",1
"sweet",1
"sweeping",1
"swearingin",1
"swaynesworld",1
"swap",1
"suspect",1
"supportit4aweekcom",1
"supporter",1
"supported",1
"superpower",1
"superfast",1
"supercomputing",1
"supercomputer",1
"superIntelligence",1
"sunday",1
"summer",1
"summary",1
"summarises",1
"suggestion",1
"successfully",1
"succeed",1
"subtle",1
"substring",1
"subset",1
"subjugate",1
"subfield",1
"sub",1
"stumbled",1
"studyabroad",1
"studentchoice",1
"studentcentered",1
"stuck",1
"strut",1
"structure",1
"struck",1
"strong",1
"stride",1
"stretchy",1
"stretch",1
"strengthening",1
"strategic",1
"straining",1
"storage",1
"stop",1
"stole",1
"stereotype",1
"stepping",1
"stent",1
"stemteaching",1
"stemActivities",1
"steel",1
"stayed",1
"status",1
"statistician",1
"statistical",1
"staticram",1
"stateless",1
"starter",1
"standardsaligned",1
"stainless",1
"sram",1
"spunbond",1
"sprint",1
"spotted",1
"spotonthedot",1
"sport",1
"sponsor",1
"spilled",1
"spent",1
"spell",1
"spectroscopic",1
"specific",1
"specialized",1
"specialization",1
"speach",1
"spatial",1
"sparkon",1
"sparkdev",1
"spark",1
"sorry",1
"soonplease",1
"somewhat",1
"sometimes",1
"somebody",1
"solved",1
"solarenergy",1
"soilscience",1
"softwarediagnostics",1
"softwareEngineering",1
"softwareEngineer",1
"softwareDevelopment",1
"softwareDeveloper",1
"sociologyeconomicsanthropology",1
"socioeconomic",1
"socialscience",1
"snippet",1
"snapshot",1
"smarttechnology",1
"smarter",1
"smartdevice",1
"slow",1
"sleek",1
"sky",1
"skeletal",1
"size",1
"sixthmonth",1
"six",1
"sitting",1
"sir",1
"singular",1
"singlepage",1
"sing",1
"simultaneously",1
"simulated",1
"similarity",1
"similar",1
"sideways",1
"sickest",1
"sick",1
"shy",1
"sht",1
"showcasing",1
"showcase",1
"shout",1
"shouldve",1
"shortage",1
"shooter",1
"shoot",1
"shitposting",1
"shit",1
"shirt",1
"shine",1
"shift",1
"shes",1
"sherlock",1
"shell",1
"sheffield",1
"sheet",1
"shattered",1
"shareddrive",1
"shareaslider",1
"shabbatshalom",1
"sexism",1
"servlets",1
"serverside",1
"served",1
"sequentially",1
"sentence",1
"sent",1
"sensoryplay",1
"sensory",1
"seniorsoftwareengineer",1
"senior",1
"seminar",1
"semi",1
"selftaught",1
"selfstarted",1
"selfpaced",1
"selfdriving",1
"selfdeployed",1
"selfdefense",1
"selected",1
"seismic",1
"secured",1
"sector",1
"section",1
"secret",1
"secondary",1
"season",1
"scrumfactory",1
"scrolling",1
"scripting",1
"screentime",1
"screen",1
"scikitlearn",1
"scientific",1
"sciencetwitter",1
"sciencemuseum",1
"scienceisfun",1
"scienceandtechnology",1
"scicomm",1
"sci",1
"schoolaged",1
"scholarshipgoblazersuabtechcomputersciencescholarships",1
"scholarly",1
"scholar",1
"scheme",1
"schedule",1
"scam",1
"scale",1
"saying",1
"saving",1
"saturdayfacts",1
"satisfaction",1
"sarcasm",1
"samsung",1
"salt",1
"salerno",1
"sale",1
"safety",1
"safe",1
"sachs",1
"s2icommunity",1
"rust",1
"ruby",1
"rtc",1
"rover",1
"rotation",1
"rom",1
"roll",1
"rolemodel",1
"rockymountains",1
"robustness",1
"roboticswhich",1
"robotic",1
"road",1
"riodejaneiro",1
"ring",1
"riddle",1
"rich",1
"rewritingthecode",1
"revolutionary",1
"revolution",1
"revisit",1
"reviewsession",1
"reviewing",1
"reveals",1
"revealed",1
"retweetforretweet",1
"return",1
"retrogames",1
"retro",1
"rethinking",1
"rethinkedu",1
"retain",1
"retailsales",1
"retailer",1
"resurrect",1
"resulting",1
"restaurant",1
"restart",1
"rest",1
"responsibility",1
"response",1
"responding",1
"respond",1
"respective",1
"resounding",1
"resonated",1
"resilience",1
"residing",1
"rescue",1
"requiring",1
"requested",1
"reputation",1
"reptile",1
"representation",1
"replay",1
"rending",1
"rendering",1
"render",1
"remotework",1
"remotesensing",1
"remembers",1
"remember",1
"reliance",1
"reliable",1
"relevance",1
"releif",1
"release",1
"relation",1
"relate",1
"reinforcementLearning",1
"reinforced",1
"registration",1
"registered",1
"regardless",1
"regarding",1
"refurbishedIT",1
"refresher",1
"refresh",1
"reflection",1
"refine",1
"refactoring",1
"reef",1
"reduced",1
"redesign",1
"recruiting",1
"recruit",1
"recommends",1
"recommendationsystem",1
"recommendation",1
"recipient",1
"receptioncoding",1
"receives",1
"reason",1
"realized",1
"realize",1
"real",1
"readytolearn",1
"readily",1
"reactnative",1
"rapidly",1
"ranking",1
"rank",1
"ranging",1
"randaddiction",1
"ram",1
"raising",1
"radio",1
"racksviruses",1
"racism",1
"race",1
"quite",1
"quit",1
"quiet",1
"quasiexperimental",1
"quantumsupremacy",1
"quantum",1
"qualified",1
"qrcode",1
"qotd",1
"pythoncourse",1
"pythoncode",1
"pydata",1
"push",1
"purchase",1
"punk",1
"pumped",1
"pulsenigeria247",1
"pulling",1
"publishedbook",1
"publish",1
"proudly",1
"prospectsourtechfriendcom",1
"prospective",1
"proposal",1
"property",1
"proper",1
"propaganda",1
"proofreader",1
"proofofworksystem",1
"prompt",1
"promoting",1
"promising",1
"programminghelp",1
"programminggame",1
"prof",1
"productdesign",1
"producerconsumer",1
"problemsolvinv",1
"probe",1
"probability",1
"privatetution",1
"prior",1
"printable",1
"princess",1
"pricing",1
"price",1
"prgrams",1
"prestigious",1
"president",1
"prepared",1
"preparation",1
"prep",1
"preferred",1
"predicts",1
"prediction",1
"precise",1
"practicing",1
"practiced",1
"ppl",1
"pozna",1
"powerefficient",1
"powerbi",1
"postsecondary",1
"posting",1
"postdoc",1
"positive",1
"portfolio",1
"portal",1
"pop",1
"poll",1
"politics",1
"politician",1
"plus",1
"plural",1
"pls",1
"plenary",1
"pledge",1
"pleasure",1
"plea",1
"playlist",1
"playground",1
"player",1
"plano",1
"planning",1
"planet",1
"plain",1
"placement",1
"placed",1
"pixelart",1
"pipelineprogram",1
"pilot",1
"pikespeak",1
"pigeon",1
"piece",1
"picture",1
"picoftheday",1
"pickup",1
"pick",1
"physiotherapy",1
"physiological",1
"physics4thecool",1
"physicalscience",1
"physicalcomputing",1
"phylosophy",1
"phrase",1
"photography",1
"philosophical",1
"phdlife",1
"pharmacy",1
"personality",1
"perseverance",1
"permit",1
"permission",1
"perhaps",1
"performing",1
"perform",1
"perfectly",1
"perception",1
"per",1
"peoplewhocode",1
"pencil",1
"pen",1
"pegasus",1
"peertopeer",1
"pedal",1
"pcgaming",1
"patient",1
"patience",1
"pathway",1
"passwordless",1
"password",1
"passionate",1
"passage",1
"partitioning",1
"particularly",1
"participated",1
"partership",1
"parsing",1
"parser",1
"parked",1
"park",1
"parade",1
"panto",1
"panellist",1
"panel",1
"panda",1
"paint",1
"pack",1
"p4tc",1
"overflow",1
"outstanding",1
"outside",1
"otherwise",1
"originality",1
"origami",1
"organizeyourdrive",1
"organize",1
"organising",1
"organisation",1
"ordering",1
"option",1
"optimize",1
"opinion",1
"operatingsystems",1
"operatingsystem",1
"openstack",1
"openscience",1
"openended",1
"openai",1
"oops",1
"onsite",1
"onlinetutor",1
"onlinesessions",1
"onlineirl",1
"oneoffcoder",1
"oneliners",1
"oneliner",1
"oil",1
"officially",1
"official",1
"octopus",1
"ocsb",1
"ocrcomputing",1
"object",1
"nyscate19",1
"nure",1
"numerous",1
"nuclear",1
"ntanetcs",1
"notvgames",1
"notice",1
"note",1
"nonvolatilememory",1
"nonprofit",1
"nonparametric",1
"nonmonotonic",1
"noncomputer",1
"nonProgrammer",1
"nonCS",1
"nominate",1
"nobcche",1
"nijatech",1
"nightlights",1
"ngOnDestroy",1
"newtotwitter",1
"newtechnology",1
"newjob",1
"newblogpost",1
"networkprotocols",1
"networkengineer",1
"netcs",1
"nerd",1
"neededcheck",1
"nearly",1
"near",1
"ncsa",1
"narrow",1
"mysql",1
"myhomeworkhgmailcom",1
"museum",1
"multitemporal",1
"multisource",1
"multipurpose",1
"multiplayer",1
"multipage",1
"multimediadevelopment",1
"multidisciplinary",1
"multi",1
"muddling",1
"mucscienceslam5",1
"msc",1
"moving",1
"movement",1
"moved",1
"motivated",1
"motherboard",1
"moshoshindele",1
"morphologic",1
"morality",1
"monitoring",1
"monitor",1
"mongodb",1
"mondaymotivation",1
"mondaymorning",1
"mondayblues",1
"molecular",1
"moedchat",1
"modernprograms",1
"mode",1
"mock",1
"mobility",1
"mobilephone",1
"mobiledeveloper",1
"mobileappdevelopers",1
"mobileapp",1
"mixing",1
"misconception",1
"miniprojects",1
"minigolf",1
"mini",1
"minecraft",1
"mine",1
"middleschoolers",1
"microsoftdevelopment",1
"microbiology",1
"methodsas",1
"methodology",1
"methoddefinitions",1
"metallurgy",1
"message",1
"merge",1
"mentoring",1
"memoryquiz",1
"mematic",1
"meditacion",1
"medicineandengineering",1
"mechanistic",1
"mcilroy",1
"maze",1
"maybe",1
"matrixchallenge",1
"mathematician",1
"mastery",1
"masterstudies",1
"mastered",1
"masterclasses",1
"massachusetts",1
"martialarts",1
"markyourcalendars",1
"markup",1
"marked",1
"mark",1
"marist",1
"marathon",1
"maranaschools",1
"mapping",1
"manufacturing",1
"manipulation",1
"manic",1
"manchester",1
"manandmachine",1
"managing",1
"managerial",1
"manager",1
"mammogram",1
"malware",1
"malicious",1
"makerspace",1
"makerED",1
"maharastra",1
"magicallly",1
"magical",1
"maedu",1
"machintosh",1
"machinelearningmindsetdeeplearningroadmap",1
"macbook",1
"mBot",1
"luncheon",1
"lunchandlearn",1
"luck",1
"lucid",1
"lowerschool",1
"loweffortbutaccuratepng",1
"loving",1
"lovin",1
"lovely",1
"lost",1
"lose",1
"looped",1
"loop",1
"longtime",1
"longterm",1
"login",1
"logically",1
"logical",1
"locates",1
"loan",1
"loaded",1
"livetweet",1
"literature",1
"literal",1
"listed",1
"linguisticsis",1
"linguistics",1
"limited",1
"limitation",1
"limit",1
"lil",1
"likely",1
"likeforlike",1
"light",1
"lift",1
"lifetime",1
"lifescience",1
"lie",1
"liberalartsincludesscience",1
"liberalarts",1
"libchat",1
"leveraging",1
"leverage",1
"letting",1
"lesion",1
"lenovo",1
"leetcode",1
"leaving",1
"leave",1
"learnt",1
"learner",1
"leaf",1
"lead",1
"laydown",1
"launching",1
"launcher",1
"later",1
"lasting",1
"lane",1
"landing",1
"lady",1
"la",1
"knuth",1
"knstlicheintelligenz",1
"knowhow",1
"knowcurrent",1
"knack",1
"kit",1
"kindly",1
"kindergarten",1
"killing",1
"killAllHumans",1
"kiddos",1
"kickstarter",1
"kicking",1
"keystage",1
"keynote",1
"keen",1
"kata",1
"karate",1
"kangeyam",1
"kalilinu",1
"juristic",1
"jumped",1
"jump",1
"juice",1
"jsPolandConf",1
"joker",1
"jojosbizarreadventure",1
"joinusnow",1
"jointhepack",1
"jobseekers",1
"jobless",1
"jerusalem",1
"jealous",1
"javasoftware",1
"javascriptdeveloper",1
"javascipt",1
"javainterview",1
"jacking",1
"ittt",1
"iterative",1
"itandtelecoms",1
"isro",1
"israel",1
"isp",1
"isocpp",1
"islamabad",1
"iphone",1
"ipads",1
"iosdeveloper",1
"iocoder",1
"io",1
"involvement",1
"investmentbanking",1
"investing",1
"investigator",1
"investigation",1
"invented",1
"introductorylevel",1
"introduces",1
"interviewquestions",1
"intersection",1
"interpreter",1
"interpretation",1
"interpretability",1
"internationalmensday2019",1
"internationalmensday",1
"internalmemory",1
"intermingled",1
"interconnected",1
"intending",1
"intellect",1
"instruction",1
"institute",1
"instaunisa",1
"installationguide",1
"installation",1
"instagram",1
"instablog",1
"inspired",1
"insight",1
"insidehighered",1
"innovationforall",1
"innovate",1
"initialising",1
"initial",1
"informatica",1
"influencers",1
"influencer",1
"inference",1
"infancy",1
"inequality",1
"industryinformed",1
"industrial",1
"indiedeveloper",1
"india",1
"index",1
"incorporating",1
"incomplete",1
"incognito",1
"includes",1
"included",1
"incar",1
"inbox",1
"inaugural",1
"inD",1
"impressive",1
"imposed",1
"implementing",1
"implant",1
"impassioned",1
"imbalanced",1
"imbalance",1
"imaging",1
"iloveit",1
"illusion",1
"ill",1
"igerunisa",1
"identify",1
"identifies",1
"ideally",1
"ictskills",1
"ict",1
"ics3u",1
"ibm",1
"iPod",1
"iPeed",1
"iPaid",1
"iPad",1
"hypothesis",1
"hydropower",1
"hybrid",1
"hustle",1
"husband",1
"hunt",1
"humanintelligence",1
"humane",1
"humancomputerinteraction",1
"hub",1
"html5",1
"hpcwire",1
"hottest",1
"hospital",1
"homeworkslave",1
"hit",1
"highperformance",1
"highlight",1
"highereducation",1
"higher",1
"hierarchical",1
"hiddenrole",1
"hexadecimal",1
"hero",1
"hellobbk",1
"hell",1
"held",1
"heist",1
"heel",1
"hedging",1
"hed",1
"heavily",1
"heart",1
"hearing",1
"health",1
"hate",1
"hashtag",1
"hashjack",1
"haryana",1
"harness",1
"hardwork",1
"hardest",1
"haptic",1
"handson",1
"handled",1
"halfway",1
"hackerspace",1
"hackerlaws",1
"hacked",1
"habit",1
"gutshabbos",1
"guitarist",1
"guitar",1
"gui",1
"guaranteed",1
"gssiaq",1
"growthmindset",1
"growth",1
"grows",1
"growing",1
"groovy",1
"grok",1
"grip",1
"green",1
"gratitude",1
"graphql",1
"graphite",1
"graphical",1
"graphbased",1
"grant",1
"grammar",1
"graduation",1
"gradschool",1
"governmentjobs",1
"gov",1
"gone",1
"gon",1
"golden",1
"gofreedomschool",1
"godzilla",1
"goddamn",1
"global",1
"githu",1
"girlsintech",1
"girlsCodehphs",1
"girlfriend",1
"giftideas",1
"giftee",1
"gifted",1
"giant",1
"getyourgeekon",1
"getinvolved",1
"getSmarter",1
"getITdone",1
"germany",1
"geralt",1
"geometry",1
"geometric",1
"geography",1
"geodesy",1
"genomics",1
"genome",1
"genius",1
"generous",1
"generates",1
"generalpurpose",1
"general",1
"genderimbalance",1
"geekgirl",1
"gcses2020",1
"gcsecomputerscience",1
"gbr",1
"gap",1
"gamesdev",1
"gamer",1
"gamedevelopment",1
"futurereadylibs",1
"futureready",1
"futureofwork",1
"fundemantals",1
"fullstack",1
"fulfilment",1
"fuck",1
"fsharp",1
"frustration",1
"fruit",1
"frontenddeveloper",1
"fronten",1
"frontEnd",1
"friendly",1
"fridayfacts",1
"freshman",1
"freer",1
"freelanceenagocom",1
"freedomschools",1
"foveated",1
"founded",1
"foundation",1
"foster",1
"forum",1
"formulating",1
"formula",1
"formally",1
"forest",1
"forbes",1
"footstep",1
"football",1
"footage",1
"foot",1
"foodtechnology",1
"follows",1
"followforfollow",1
"follower",1
"folder",1
"foe",1
"flybynight",1
"fly",1
"fluid",1
"flower",1
"flourished",1
"floridanerds",1
"flood",1
"flock",1
"floatingpoint",1
"floating",1
"float",1
"flipclass",1
"flaxAge",1
"flax",1
"flakiness",1
"fixedbatch",1
"fiuscholarship",1
"fitted",1
"fit",1
"fisciano",1
"firsthand",1
"finished",1
"finish",1
"finetuning",1
"financialliteracy",1
"financial",1
"filter",1
"figuring",1
"figuresobjects",1
"figure",1
"fiber",1
"festive",1
"felt",1
"fellow",1
"felabration",1
"feel",1
"featuring",1
"featured",1
"fearless",1
"favourite",1
"fav",1
"father",1
"fastest",1
"far",1
"familiar",1
"fallacy",1
"fall",1
"fairer",1
"facilitate",1
"facebook",1
"fab",1
"exusia",1
"extrapolate",1
"extension",1
"extended",1
"exprience",1
"expound",1
"exploring",1
"explorer",1
"explored",1
"explodingpickle",1
"explanation",1
"explainer",1
"explainability",1
"expertsystems",1
"expertise",1
"experimentation",1
"experiment",1
"experienced",1
"expect",1
"exists",1
"existing",1
"existentialquestions",1
"exhibitor",1
"exercise",1
"excellence",1
"excel",1
"exBDFL",1
"evolved",1
"evolutionary",1
"everythinghasabusinessside",1
"everyteachercancode",1
"everyday",1
"evaluating",1
"evaluated",1
"evaluate",1
"ethics4eu",1
"ethicalhour",1
"ethicalhacking",1
"ethical",1
"establishes",1
"established",1
"essaypay",1
"esri",1
"especially",1
"esp",1
"era",1
"equivalent",1
"equipping",1
"equiplearning",1
"equation",1
"eparticipation",1
"environmentalscience",1
"environmentalism",1
"environmental",1
"entrepreneur",1
"entertaining",1
"entered",1
"enochkumala",1
"enjoyment",1
"enhancing",1
"enhancement",1
"engineeringstudents",1
"engineeringstudent",1
"engineerig",1
"engagement",1
"engage",1
"energy",1
"endorsed",1
"ended",1
"encrypt",1
"encourage",1
"encompass",1
"enable",1
"employee",1
"employed",1
"empirecode",1
"emergingtech",1
"emerging",1
"embracing",1
"embrace",1
"embeddings",1
"else",1
"eligible",1
"eligibility",1
"elektrotechnik",1
"electrochromic",1
"election",1
"egotism",1
"effect",1
"edutechnd",1
"edupnx",1
"educationpoliticalscienceI",1
"educationneverstops",1
"educated",1
"educate",1
"editor",1
"edition",1
"econ",1
"ecommerce",1
"eci831",1
"easier",1
"earn",1
"earlier",1
"earbud",1
"eLearning",1
"eCommerce",1
"dynamicram",1
"dying",1
"dunno",1
"dumped",1
"dude",1
"drunk",1
"drug",1
"drought",1
"dropped",1
"drop",1
"drive",1
"dreamt",1
"douglasmcilroy",1
"double",1
"dotnet",1
"door",1
"donorschoose",1
"donated",1
"donaldknuth",1
"dominates",1
"dominated",1
"dominate",1
"dog",1
"documentary",1
"doctor",1
"docker",1
"djperfect",1
"disturbing",1
"disparity",1
"discovery",1
"discovered",1
"disagree",1
"directional",1
"dinner",1
"dinfunisa",1
"digitally",1
"digitalliteracy",1
"digitalart",1
"digitalAssistant",1
"diffraction",1
"difficult",1
"differently",1
"difference",1
"differ",1
"diference",1
"died",1
"dictionary",1
"dice",1
"devsecops",1
"devopsdays",1
"devloper",1
"devlife",1
"devise",1
"devil",1
"devicesdata",1
"developped",1
"developingimproving",1
"developing",1
"deterministic",1
"determine",1
"detect",1
"detailoriented",1
"desperate",1
"desk",1
"desired",1
"designer",1
"desert",1
"description",1
"describes",1
"depth",1
"depression",1
"deploys",1
"dependable",1
"demandmoreCS",1
"dell",1
"delivering",1
"delhipride",1
"del",1
"defragged",1
"definition",1
"definitely",1
"deeper",1
"deemed",1
"deductive",1
"dedication",1
"decodes",1
"decline",1
"decimal",1
"decidable",1
"decentralization",1
"decent",1
"debugpoint",1
"debugging",1
"dead",1
"dbz",1
"daysofcode",1
"dataset",1
"datasciencebootcamp",1
"datanalysis",1
"datamining",1
"datafun",1
"dataframe",1
"datacollection",1
"datacode",1
"datacapacity",1
"databasemanagement",1
"dataStructures",1
"danceparty",1
"dagensjobb",1
"dadmy",1
"cyberwolf",1
"cybertechnology",1
"cybermonday",1
"cyberbot",1
"cwilectures2019",1
"cute",1
"curriculumforwales",1
"currentaffairs",1
"currentIntelligence",1
"curated",1
"culture",1
"csweek",1
"css3",1
"csmaconvening",1
"csinstruction",1
"csharpdotnet",1
"cs4ky",1
"cry",1
"crticalthinking",1
"crowd",1
"criterion",1
"creativelearning",1
"creatingcodes",1
"creates",1
"craze",1
"crap",1
"cracker",1
"cpython",1
"cppcon",1
"cpd",1
"coworthtechnologies",1
"covered",1
"cover",1
"coursework",1
"county",1
"counted",1
"count",1
"cost",1
"corrects",1
"correct",1
"cornered",1
"corner",1
"coral",1
"copy",1
"coordinating",1
"coordinated",1
"coolphysics",1
"cook",1
"conversant",1
"conventional",1
"convening",1
"contributed",1
"contribute",1
"continuous",1
"continues",1
"continue",1
"context",1
"contested",1
"contest",1
"contains",1
"container",1
"contained",1
"contact",1
"consumer",1
"consultantdevelopers",1
"consultant",1
"console",1
"consisted",1
"consideration",1
"consider",1
"connects",1
"connection",1
"congressional",1
"congratulation",1
"congratulating",1
"confusion",1
"confuses",1
"configmaps",1
"confident",1
"confidence",1
"conf",1
"conducted",1
"computingtechnicalsupport",1
"computerworld",1
"computersoftwaredevelopment",1
"computersecurity",1
"computersciencestudents",1
"computersciencelife",1
"computerscienceforall",1
"computerrepair",1
"computerquiz",1
"computerparts",1
"computernetworking",1
"computermemory",1
"computerlove",1
"computerlaptop",1
"computerfundamentals",1
"computerScienceobj",1
"computerProjects",1
"computationalmedicine",1
"computationalThinking",1
"compromise",1
"compression",1
"composite",1
"component",1
"complexsystems",1
"completes",1
"completeness",1
"complementarytherapies",1
"compiler",1
"compare",1
"comp",1
"communitycollege",1
"commodore64",1
"commodore",1
"combat",1
"com",1
"coloradosprings",1
"colorado",1
"colon",1
"collegehomework",1
"collector",1
"collective",1
"collaborate",1
"collab",1
"colaboratory",1
"coimbatore",1
"cohost",1
"cogcgrad",1
"codingschool",1
"codingjokes",1
"codinghumor",1
"codinghelp",1
"codingfun",1
"codingforkids",1
"codin",1
"codig",1
"codi",1
"codeyoursuperhero",1
"codeyourhero",1
"codevember",1
"codetothefuture",1
"codesigning",1
"codesign",1
"codesideacademy",1
"coderlife",1
"codepeople",1
"codeorg",1
"codefront",1
"coded",1
"codechecker",1
"codecamp",1
"codeathon",1
"code4her",1
"coauthorship",1
"coaching",1
"clubday",1
"cloudengineer",1
"cloudcomputing",1
"climb",1
"climate",1
"click",1
"clean",1
"classshould",1
"classinstance",1
"classifying",1
"classification",1
"classic",1
"classeshave",1
"classesCSforCA",1
"clanguage",1
"civilservice",1
"circuit",1
"cipher",1
"christmas",1
"chosen",1
"chip",1
"cherangroupofinstitutions",1
"cherancolleges",1
"cheer",1
"checkyourtech",1
"checkouttheUSCpillow",1
"cheatsheet",1
"chatbots",1
"charter",1
"charger",1
"changer",1
"champion",1
"challenged",1
"chair",1
"cgesd",1
"certify",1
"certified",1
"certain",1
"cert",1
"centered",1
"cen",1
"celebration",1
"celebrating",1
"cease",1
"caveman",1
"catching",1
"catalogue",1
"cash",1
"carrier",1
"careersuses",1
"careersuccess",1
"careersapmccoza",1
"careeradvice",1
"care",1
"capable",1
"campaign",1
"camp",1
"camdendreamcenter",1
"cambridge",1
"callWhatsApp",1
"calculator",1
"cake4science",1
"cairo",1
"caedu",1
"cLang",1
"byte",1
"byngpride",1
"buzz",1
"buy",1
"butt",1
"businessanalytics",1
"buryafriend",1
"bury",1
"burning",1
"burn",1
"bunch",1
"bullying",1
"builtin",1
"budget",1
"bsc",1
"brush",1
"browngirlscode",1
"broad",1
"brings",1
"brilliant",1
"bright",1
"breakout",1
"breakaway",1
"breach",1
"brazil",1
"branding",1
"brand",1
"branch",1
"bracelet",1
"boy",1
"bout",1
"borrows",1
"borough",1
"bootstrap",1
"booth",1
"bootcamp",1
"boosting",1
"bold",1
"board",1
"bluewaters",1
"blue",1
"blowing",1
"bloomcounty",1
"bloggingtips",1
"blogger",1
"blogged",1
"blocked",1
"blitzcards",1
"blink",1
"blessed",1
"blastfromthepast",1
"blast",1
"blas",1
"black",1
"bitsmart",1
"bitcoin",1
"biscuit",1
"bird",1
"biometrics",1
"biomedical",1
"biologist",1
"biological",1
"bioinformatics",1
"binarycode",1
"bike",1
"biased",1
"bgcCommunityCodeNight",1
"beyond",1
"beware",1
"bethebestyoucanbe",1
"bestkids",1
"benevolent",1
"believer",1
"beijinglife",1
"behavior",1
"began",1
"becomes",1
"become",1
"bebraschallenge",1
"beautytherapy",1
"beautifully",1
"beacause",1
"barred",1
"bank",1
"bang",1
"balance",1
"baffled",1
"badge",1
"badass",1
"bad",1
"backup",1
"backEnd",1
"baby",1
"awoofdeals",1
"awareness",1
"aware",1
"aviation",1
"avatar",1
"automated",1
"automate",1
"autism",1
"augmentedreality",1
"audio",1
"audience",1
"attractive",1
"attendee",1
"asynchronous",1
"associate",1
"assist",1
"asset",1
"assertive",1
"ass",1
"asks",1
"asking",1
"asd",1
"artsandscience",1
"artificialintelligenceai",1
"artificialinteligent",1
"arroword",1
"arises",1
"archeology",1
"archaeology",1
"arbitrary",1
"appointed",1
"applied",1
"applicant",1
"appetite",1
"appendix",1
"appearance",1
"appealing",1
"appdevelopment",1
"appdev",1
"appdesign",1
"anywhere",1
"antitrust",1
"antisocial",1
"anthropology",1
"anonymous",1
"announced",1
"animated",1
"angularjs",1
"angulardeveloper",1
"angular7",1
"androiddev",1
"andidate",1
"andhrapradesh",1
"ancient",1
"analyticalnumerate",1
"analytically",1
"analogue",1
"amphellip",1
"ampamp",1
"amazingviews",1
"amazed",1
"alumnus",1
"alum",1
"alternative",1
"alter",1
"alongwith",1
"alongside",1
"almost",1
"ally",1
"allows",1
"allow",1
"allocating",1
"algorithmic",1
"alert",1
"alegonzbaikal",1
"akamai",1
"aka",1
"airport",1
"airbags",1
"aiglobaluniversity",1
"aiglobal4",1
"agrifood",1
"agreement",1
"agile",1
"agent",1
"aged",1
"afagftgwj",1
"aerospace",1
"advisory",1
"advertised",1
"adventure",1
"admission",1
"adding",1
"actually",1
"act",1
"acorncomputers",1
"achievementclub",1
"ache",1
"ace",1
"acctsheffield",1
"accreditation",1
"accounting",1
"accessmobility",1
"accessing",1
"accepted",1
"academy",1
"academicpublishing",1
"abstraction",1
"abroad",1
"Zou",1
"Zoo",1
"Zinck",1
"Zhao",1
"Zero",1
"Zebra",1
"Zealand",1
"ZDNet",1
"Yuriy",1
"Youtube",1
"Youngwoon",1
"Yottixel",1
"Yottabytes",1
"Yin",1
"Yesterdays",1
"Yesterday",1
"Yeovil",1
"Years",1
"Yay",1
"Yawogan",1
"Yarlott",1
"YELLED",1
"Y10",1
"Xintong",1
"Xinshao",1
"Xcode",1
"Xavier",1
"XDMoD",1
"WyomingEducation",1
"WyoEdChat",1
"Writing",1
"WriteABlitzcard",1
"Wowsas",1
"Worth",1
"WorldWideWeb",1
"WorldChildrensDay",1
"Workspaces",1
"Works",1
"Working",1
"WorkforceDevelopment",1
"Workforce",1
"WorkFromHome",1
"Work",1
"Wood",1
"WomeninIT",1
"WomenWhoCode",1
"Women",1
"Wolf",1
"Without",1
"WissKomm",1
"Wishing",1
"Wishes",1
"WisconsinMilwaukees",1
"WirelessNetworks",1
"Wireless",1
"Winning",1
"Winiecki",1
"Windows10",1
"Wilkinson",1
"Widom",1
"Wide",1
"WiDSPodcast",1
"Whitepaper",1
"Where",1
"Wheeler",1
"WesternUniversity",1
"WesternU",1
"Went",1
"WellDone",1
"WellBeing",1
"WeizmannScience",1
"Weizmann",1
"Weitang",1
"Weiser",1
"Weighted",1
"Wecker",1
"Webpages",1
"Webpage",1
"WebDevelop",1
"Web",1
"Wearable",1
"Weapons",1
"Weaponized",1
"Weaklysupervised",1
"WeDo",1
"WeAreSFUSD",1
"Way",1
"Waves",1
"Wave",1
"Watford",1
"Waterfall",1
"WaterManagement",1
"Watched",1
"WatchX",1
"WashingtonDC",1
"Was",1
"Warrington",1
"Warnings",1
"WarmUp",1
"WantGet",1
"Walk",1
"Wait",1
"WTB",1
"WSNs",1
"WSN",1
"WORK",1
"WITH",1
"WISE19",1
"WINDOWS",1
"WIN",1
"WILL",1
"WHOwenES",1
"WHO",1
"WHAT",1
"WDE",1
"Vuejs",1
"Voice",1
"Vitoria",1
"Visualizations",1
"Visualization",1
"Visiting",1
"VisionInfused",1
"Visa",1
"Virginias",1
"Vienna",1
"Videographic",1
"Vice",1
"Vibhavari",1
"Viable",1
"Venice",1
"Vehicles",1
"Vector",1
"Vecchio",1
"Vault",1
"Value",1
"Valencia",1
"Valenci",1
"Vacancy",1
"VRTU",1
"VRDay2019",1
"VISIT",1
"Utility",1
"Users",1
"Used",1
"Usecases",1
"Upload",1
"UpdatNews",1
"UofL",1
"Unsolved",1
"Unrestricted",1
"Unplugged",1
"UniversityRankings",1
"Universities",1
"Universe",1
"Univ",1
"Union",1
"Unifying",1
"Unherd",1
"Understand",1
"Underground",1
"Undergraduate",1
"Umaseh",1
"UWyoCoEd",1
"UWyoCEAS",1
"UWyo",1
"UVicCompSci",1
"UVic",1
"UTTARAKHAND",1
"USorigin",1
"USI",1
"USB",1
"UPSC",1
"UJLibrary",1
"UCLAs",1
"UBI",1
"UAB",1
"Typical",1
"Types",1
"TypeScript",1
"Two",1
"Twitter",1
"Twisted",1
"Tutorialslink",1
"TutorialsCsharptamilarrayarraylistinterviewquestionsEngineeringComputerScienceCSEECEprogrammersystemanalystSystemEngineer",1
"Turtles",1
"Turing",1
"Turbulent",1
"Tuning",1
"TuitionFree",1
"TuesdayThoughts",1
"TuesdayMotivation",1
"Tsunami",1
"Tshirt",1
"TrueLearn",1
"TripleByte",1
"Tricks",1
"Trevor",1
"Tremendous",1
"Trees",1
"Tree",1
"Transmitting",1
"Translating",1
"Transformation",1
"Transferable",1
"Tran",1
"Trajectories",1
"Trailblazer",1
"TrafficPsychology",1
"TrafficPlanning",1
"Trading",1
"Tradeoff",1
"Tracking",1
"Trach",1
"Town",1
"Towards",1
"Tor",1
"Topological",1
"TopComputingTrump",1
"Took",1
"Tony",1
"Toni",1
"Tomorrows",1
"Tom",1
"TodayInHistory",1
"Tobias",1
"Title",1
"Tisalabs",1
"Tipping",1
"Tiger",1
"TicTacToe",1
"Thus",1
"Thursday",1
"Threedimensional",1
"Threat",1
"Thousands",1
"Thoughts",1
"Though",1
"Those",1
"Thornton",1
"ThinkTeaching",1
"ThinkHarris",1
"Theyre",1
"Theta",1
"Theoretical",1
"Their",1
"TheOpenUniversity",1
"TheOffice",1
"Thankfully",1
"Thankful",1
"Than",1
"TexasSchoolFortheDeaf",1
"Testing",1
"Tensorcore",1
"TensorLayer",1
"Ten",1
"Temporal",1
"Telemedicine",1
"Telecommunications",1
"Telecommunication",1
"Telco",1
"TechnoCards",1
"Technique",1
"Technician",1
"Techhelp",1
"TechTuesday",1
"TechQuiz",1
"TechInnovation",1
"TechExperts",1
"Teamwork",1
"TeamWork",1
"TeamExasol",1
"Teaching",1
"TeacherRecruitment",1
"Taxbut",1
"Tavabi",1
"Tamil",1
"Talking",1
"Talk",1
"Taking",1
"Taining",1
"Tailored",1
"Tag",1
"Table",1
"TVR",1
"TShirt",1
"TPUs",1
"TOMORROW",1
"TLCPD",1
"TLC",1
"TIOBE",1
"THOSE",1
"THAT",1
"THANK",1
"TENSORFLOW",1
"TECHCORPShack",1
"TEAM",1
"TEACHERS",1
"TCS",1
"TCEcardinals",1
"TANGIBLE",1
"TAKING",1
"Synthesizer",1
"Synclovis",1
"Sydney",1
"Switch",1
"Swipe",1
"Swift",1
"Sweden",1
"Swaynes",1
"Swayne",1
"Swapnil",1
"Swallowing",1
"Sustainable",1
"Sustainability",1
"Susan",1
"Surveys",1
"Surrogate",1
"Surprising",1
"SundayThoughts",1
"SundayMorning",1
"Sun",1
"Sumo",1
"Summer",1
"Suman",1
"Sum",1
"Suggestions",1
"Subspace",1
"Submit",1
"Style",1
"Stuttgart",1
"Studying",1
"StudyInUSA",1
"StudyAbroad",1
"Studley",1
"String",1
"Strike",1
"Stress",1
"Street",1
"Streatham",1
"Strategies",1
"Story",1
"Stop",1
"Stood",1
"Stoke",1
"Stockport",1
"Stockholm",1
"Stochastic",1
"Stick",1
"Steria",1
"Steppingstone",1
"Stephon",1
"Stay",1
"Statisticians",1
"StatisticalAnalysis",1
"Static",1
"StateFarmIT",1
"Startups",1
"Starting",1
"Starlight",1
"Stan",1
"Stacked",1
"Spinners",1
"SpiderExpert",1
"Sphero",1
"Spend",1
"Spell",1
"SpeechBased",1
"SpectralClustering",1
"Specifying",1
"Specialist",1
"Special",1
"Speaker",1
"Speake",1
"Spatial",1
"Spark",1
"Spain",1
"Space",1
"Sothere",1
"Sort",1
"Soroush",1
"Sopra",1
"Sony",1
"Sometimes",1
"Something",1
"Somebody",1
"Solve",1
"SolarRadiation",1
"SoftwareVerification",1
"SoftwareServices",1
"SoftwareDevelopment",1
"SoftwareDeveloper",1
"SoftwareDesign",1
"Societal",1
"SocialSciences",1
"SocialMedia",1
"Smith",1
"Smells",1
"SmartContracts",1
"SmartCity",1
"Smart",1
"Slides",1
"Slide",1
"SkylineHighSchool",1
"Skovgaard",1
"Skinintegrated",1
"Skills21",1
"Sixth",1
"Sivanesan",1
"Site",1
"Sioux",1
"SingLanguage",1
"Simulation",1
"Simpson",1
"Simple",1
"Simone",1
"SignaltonoiseRatio",1
"Shrestha",1
"Showcase",1
"Shortcut",1
"Short",1
"Shogi",1
"Shlomo",1
"Shikun",1
"Shift",1
"Sharpe",1
"Sharing",1
"SharedFacts",1
"Share",1
"ShapingScience",1
"Shaowen",1
"Shanita",1
"Shah",1
"Seven",1
"Setbased",1
"Set",1
"Sessions",1
"Servlets",1
"Server",1
"Serok",1
"Sept",1
"Sep",1
"Sensors",1
"Sensitive",1
"Senior",1
"Senate",1
"Semantics",1
"Selfsupervised",1
"SelfDrivingCar",1
"Selective",1
"Seed",1
"Sedona",1
"SecurityLab",1
"Securities",1
"SectionEditor",1
"Section",1
"Secretly",1
"Screens",1
"Screening",1
"ScreaglePride",1
"Scott",1
"Scissors",1
"ScientificResearch",1
"SciComm",1
"SciCoDevs",1
"Sci",1
"Schrittwieser",1
"Schools",1
"Scholars",1
"Schneider",1
"Schneega",1
"Scherlund",1
"Schematics",1
"Schema",1
"Scene",1
"Scanf",1
"Scale",1
"Scalars",1
"Scaffold",1
"Sbastien",1
"SaturdayVibes",1
"SaturdayThoughts",1
"SaturdayMotivation",1
"Sasha",1
"Sarah",1
"Sara",1
"Sapphire",1
"Sanket",1
"Saniya",1
"San",1
"Samuel",1
"Salter",1
"Salient",1
"Salesforce",1
"Said",1
"Sahan",1
"Safety",1
"SWVA",1
"SUPPORT",1
"SUPINFO",1
"SUNYBinghamton",1
"SUNY",1
"STUDENTSNeed",1
"STT",1
"STRATEGIC",1
"STEMteacher",1
"STEMpact",1
"STEMkids",1
"STEMchat",1
"STEMSuccessSummit",1
"STEMRising",1
"STEMCSfilled",1
"STATE",1
"SSS",1
"SSRS",1
"SRVUSD",1
"SQLSERVER",1
"SOLUTION",1
"SIGNATURES",1
"SIG",1
"SFUs",1
"SERIES",1
"SDSC",1
"SCRIPT",1
"SCIENCE",1
"SCCUR2019",1
"SAS",1
"Ryo",1
"Rusts",1
"Rust",1
"Rule",1
"Rui",1
"Ruf",1
"Rubber",1
"Rounding",1
"Rotherham",1
"Rosenberg",1
"Rodent",1
"Rocky",1
"Rock",1
"Robust",1
"Robochef",1
"Roadrunner",1
"Roadmap",1
"Rise",1
"Right",1
"Riding",1
"RidgeRegression",1
"RickPerry",1
"Richtarik",1
"RichardSocher",1
"Rice",1
"Ribbon",1
"Reynolds",1
"ReynProud",1
"Reverberation",1
"Reusable",1
"Retrofit",1
"Retail",1
"Result",1
"Response",1
"Resources",1
"Resist",1
"Residents",1
"Reshapes",1
"Requirement",1
"Requested",1
"Repost",1
"Reports",1
"ReplaceOnUpdate",1
"Repair",1
"Removing",1
"Releases",1
"Reidentification",1
"Regular",1
"Registrar",1
"Registering",1
"Region",1
"Ref",1
"Reduce",1
"Recreate",1
"Records",1
"Recommender",1
"Recommended",1
"Recognition",1
"Real",1
"Ready",1
"ReaderWriter",1
"ReadPapers",1
"Reach",1
"Raw",1
"Rated",1
"Raspberry",1
"Rapids",1
"Rapid",1
"Ransomware",1
"Random",1
"RamsReady4TheFuture",1
"Radiography",1
"Rademacher",1
"Racket",1
"RVerdecchia",1
"RUcsready",1
"RTTCEA",1
"RSVP",1
"ROBOTICS",1
"RLzoo",1
"REVOLVE",1
"RELIABLE",1
"RDIMM",1
"RCoB",1
"RBC",1
"RAM",1
"RAD",1
"QuizTime",1
"Quite",1
"Quaternion",1
"QuantumMechanics",1
"Quanta",1
"Quality",1
"Quail",1
"Qin",1
"QampA",1
"PythonPLUSPLUS",1
"PythonDoThisNotThat",1
"PythonDevelopers",1
"Put",1
"PurdueCS",1
"Puppet",1
"Publish",1
"PublicLecture",1
"Proximity",1
"Provides",1
"Providerside",1
"Protocol",1
"Prospects",1
"Pros",1
"Prophet",1
"Proofreading",1
"ProjectSpotlight",1
"ProjectBasedLearning",1
"Progression",1
"Programs",1
"ProgrammingWithNaimat",1
"ProgrammingLanguage",1
"ProgrammingFundamentals",1
"ProgrammableRobots",1
"Professionals",1
"Product",1
"Produce",1
"Processing",1
"Processes",1
"Process",1
"Problems",1
"Privileged",1
"Privacy",1
"Prior",1
"Printf",1
"Principle",1
"Primer",1
"Primary",1
"Preventing",1
"Prevent",1
"Pretty",1
"Pretending",1
"Preston",1
"Preserve",1
"Presents",1
"Presented",1
"Prescribe",1
"Prepare",1
"Preemptive",1
"Predictions",1
"Predicting",1
"Precise",1
"Praneet",1
"Practitioner",1
"Practicing",1
"Practices",1
"Practice",1
"Practical",1
"Pozna",1
"Powers",1
"Powerful",1
"Poursaeed",1
"Potentia",1
"PostDoc",1
"Positions",1
"Portugal",1
"Popular",1
"Poplar",1
"PoornimaInstitute",1
"Ponte",1
"Polishing",1
"Policy",1
"Policies",1
"Poem",1
"Podcast",1
"Platforms",1
"Plans",1
"Plan",1
"Placement",1
"Place",1
"Pixabay",1
"Pipeline",1
"Pinch",1
"Pietro",1
"Pierre",1
"Piecewise",1
"Picard",1
"Physiological",1
"Physicsinformed",1
"Physical",1
"Photos",1
"Photography",1
"Phone",1
"Philosophy",1
"PhDs",1
"PhDStudent",1
"Pfeiffer",1
"Pfander",1
"Peter",1
"Peshawar",1
"Perspectives",1
"Personalization",1
"Person",1
"Pernambuco",1
"Perhaps",1
"Performance",1
"PeopleOfProformex",1
"Penn",1
"Pengyu",1
"Peer",1
"Peckham",1
"Paylad",1
"Payessay",1
"Paul",1
"Pattern",1
"Pathology",1
"Past",1
"Pasadena",1
"Partnerships",1
"Part",1
"Park",1
"Parents",1
"Parent",1
"Parashar",1
"Paps",1
"Paper",1
"Pandas",1
"Paint",1
"Pain",1
"Pablo",1
"PVMS",1
"PUBlicProfessorSeries",1
"PROGRESS",1
"PROGRAMS",1
"PRO",1
"PRINCE",1
"POWERFUL",1
"POPL",1
"POOR",1
"POG",1
"PLTWs",1
"PLTWproud",1
"PLTWSummit",1
"PITHORAGARH",1
"PIETJaipur",1
"PGC",1
"PDpoints",1
"PDPoints",1
"PDFs",1
"PBL",1
"PASCAL",1
"P4TC",1
"OzoDash",1
"Oxfam",1
"Own",1
"Overview",1
"Overtime",1
"Overnight",1
"OutwoodFamily",1
"Outstanding",1
"OutofDistribution",1
"Outline",1
"Outlier",1
"Out",1
"Ostmann",1
"Oscar",1
"Ortiz",1
"Origins",1
"Organizations",1
"OrganicPhotovoltaics",1
"OregonJobs",1
"Ordinal",1
"Oran",1
"Oracle",1
"Optimizing",1
"Oppertunity",1
"Operations",1
"OperatingSystems",1
"OperatingSystem",1
"Opens",1
"Opening",1
"Openendedness",1
"OpenScience",1
"OpenGenus",1
"OpenDay",1
"OpenAI",1
"Only",1
"OnlineTutor",1
"OnlineAdvertising",1
"Oncology",1
"Omid",1
"Olscamp",1
"Olo",1
"Old",1
"Oil",1
"Ohio",1
"OhBot",1
"Ogun",1
"Officers",1
"Office",1
"Offers",1
"Oden",1
"Oculus",1
"Ochoa",1
"Observables",1
"Objects",1
"Objectivec",1
"Objectbased",1
"ObjectOrientedProgrammingFundamentals",1
"ObjectOriented",1
"OWN",1
"OTD",1
"OPVs",1
"OPINION",1
"OOP",1
"ONLY",1
"OGAT",1
"OFFICER",1
"OFF",1
"OER",1
"ODU",1
"Nvidia",1
"Nursing",1
"Nunez",1
"NumberCrunching",1
"Nows",1
"Novembers",1
"Notification",1
"Notes",1
"Norwich",1
"Northern",1
"Northampton",1
"NorthCarolina",1
"NonprofitJobs",1
"None",1
"NonTechies",1
"NonPreemptive",1
"NonExecutives",1
"Nolan",1
"Noise",1
"Nodejs",1
"NobelPrize",1
"Nirvana",1
"Ninja",1
"Nigeria",1
"Nielit",1
"Nick",1
"NextGeneration",1
"NextGenTeachers",1
"Newsfeed",1
"Newry",1
"Newman",1
"Newin2020",1
"NewZealand",1
"NewYorkNerds",1
"NewTechKids",1
"NewJournal",1
"NewJobs",1
"NeuralNet",1
"Networking",1
"Nets",1
"Net",1
"Nepal",1
"Neither",1
"Necessary",1
"Nearly",1
"Nazgol",1
"NavierStokes",1
"Naturalistic",1
"Natural",1
"NativesInTech",1
"NativeAmericanHeritageMonth",1
"NationalLabs",1
"Nation",1
"Nasiriany",1
"Nashik",1
"Naming",1
"Nakao",1
"NYC",1
"NSWIT",1
"NSF",1
"NPSEI",1
"NPC",1
"NOT",1
"NOBODY",1
"NJSTEM",1
"NEXT",1
"NEURAL",1
"NETWORKS",1
"NED",1
"NCCE",1
"NASB",1
"N24DDR403",1
"Mythought",1
"Mysteries",1
"MyInternetSearchHistory",1
"MustHave",1
"MusicGym",1
"Muscogee",1
"Murdoch",1
"Murders",1
"Muoi",1
"Munnelly",1
"Munich",1
"Multiview",1
"Multiple",1
"Multimodal",1
"Multichannel",1
"MultiTask",1
"MultiRobot",1
"MultiAttribute",1
"Multi",1
"Mrs",1
"Mountain",1
"MotivationMonday",1
"Morris",1
"Morin",1
"Mooney",1
"Montgomery",1
"Monitoring",1
"Mondaytfacts",1
"MondayMotivation",1
"MondayMorning",1
"MolecularDesign",1
"Module",1
"Models",1
"Mode",1
"Mock",1
"Mitigate",1
"Mit",1
"Misunderstanding",1
"Mirzakhani",1
"Minutes",1
"MinistryofEducation",1
"Minimum",1
"MindYourAnswer",1
"MindReading",1
"Mind",1
"Mime",1
"MikeEchols",1
"Mike",1
"Midwest",1
"Middlesbrough",1
"MiddleEast",1
"MidCourse",1
"MicrosoftTeams",1
"MicrosoftAzure",1
"MicrosftAzure",1
"Microbits",1
"Mexican",1
"Metal",1
"Merel",1
"Mental",1
"Mengzhuo",1
"Memphis",1
"MemoryManagement",1
"MemoryAllocation",1
"Memory32GB2400MTs",1
"Memorial",1
"Mellon",1
"Meinel",1
"Megumi",1
"Meeting",1
"MeetEUSD",1
"MediaStudies",1
"MediaArchaeology",1
"Medals",1
"Medal",1
"Mechanism",1
"Measuring",1
"Measures",1
"Measure",1
"McLaren",1
"McIlroy",1
"May",1
"Maximum",1
"Mauritius",1
"Matze",1
"Matthew",1
"Matters",1
"Maths",1
"Mathias",1
"MathematicalModels",1
"MathOverflow",1
"MathIsFun",1
"Materials",1
"Material",1
"Match",1
"Mastery",1
"Mastering",1
"Maryam",1
"MarkovDecisionProcess",1
"Markov",1
"Markets",1
"Market",1
"Marcela",1
"Maranaschools",1
"Maps",1
"Mapping",1
"Map",1
"Many",1
"Manish",1
"Mania",1
"Manandhar",1
"Manage",1
"Man",1
"MakingADifference",1
"Makeys",1
"Makey",1
"MakerSpace",1
"Mahers",1
"MahaPoliticalTwist",1
"Maestro",1
"Machinelearning",1
"Maastricht",1
"MVP",1
"MUSDteachers",1
"MUSDstem",1
"MUM",1
"MSinUS",1
"MSFTEDuchat",1
"MSDOS",1
"MSCActions",1
"MSBI",1
"MORE",1
"MINUTES",1
"MIDHANI",1
"MEd",1
"METCpd",1
"MEASURED",1
"MDA",1
"MBs",1
"MBACPCU",1
"MACHINE",1
"Lynch",1
"Lwlat",1
"LwLAT",1
"Luci",1
"Lubar",1
"Loving",1
"Lovely",1
"Louisianaelection",1
"LossFunction",1
"Los",1
"LongHorizon",1
"Logtime",1
"Logical",1
"Location",1
"Localization",1
"LoL",1
"Livestream",1
"Listening",1
"Listen",1
"Line",1
"Linda",1
"Lin",1
"Likelihood",1
"Lightning",1
"Lightbot",1
"Light",1
"Lifelong",1
"Life",1
"LibraryServices",1
"LibrariesReadytoCode",1
"LiDAR",1
"Levine",1
"Leverages",1
"Leverage",1
"Levels",1
"LetsDoThis",1
"Lethbridge",1
"Less",1
"Leslie",1
"Leo",1
"Lenovo",1
"Leibniz",1
"Lego",1
"Leeds",1
"Lecture",1
"Leave",1
"LearningPart",1
"Learners",1
"Learned",1
"LearnProgramming",1
"Leanpub",1
"Leaks",1
"LayerDependent",1
"Lay",1
"Lawyers",1
"Laws",1
"Lauwers",1
"Launch",1
"Lattimore",1
"Last",1
"Las",1
"Largest",1
"Largescale",1
"Lansdowne",1
"Lanier",1
"LanguageTechnologies",1
"Land",1
"Lakka",1
"Lakh",1
"Lagos",1
"Labs",1
"LaTrobeUniversity",1
"LWSN",1
"LRC",1
"LOT",1
"LOL",1
"LGs",1
"LEGOs",1
"LEGO",1
"LEDlit",1
"LB339",1
"LAST",1
"L4L",1
"Kung",1
"Kudos",1
"Kratzert",1
"Kotlins",1
"Knuth",1
"Knowledge",1
"Kindergarten",1
"Kin",1
"Killing",1
"KidsWhoCode",1
"Kickoff",1
"Kick",1
"Kianoush",1
"Khan",1
"Kelvin",1
"KellyBootle",1
"Keeps",1
"KayzaksHackingNeuralNetworks",1
"Kato",1
"Katie",1
"Kang",1
"Kamoi",1
"Kalra",1
"KaecheleES",1
"KS5",1
"KBs",1
"KAUSTTsinghua",1
"K12th",1
"JuliaComputing",1
"JrDevs",1
"Journal",1
"Josef",1
"Jokes",1
"Joint",1
"Johnson",1
"Johnny",1
"John",1
"Johannes",1
"Jobs",1
"Jingyuan",1
"Jingle",1
"Jim",1
"Jerusalem",1
"Jepsen",1
"Jennifer",1
"Jegierski",1
"Jeanette",1
"Jean",1
"Jayarathna",1
"Japanese",1
"James",1
"Jackie",1
"Jack",1
"JUST",1
"JROTC",1
"JQuery",1
"JOIN",1
"JNantais",1
"JAVA",1
"J2ee",1
"J277",1
"Izzy",1
"Items",1
"Israels",1
"Isaac",1
"Irreversible",1
"Iridium",1
"Investmet",1
"InventEd",1
"Invariance",1
"Invalid",1
"Intuitive",1
"Introductory",1
"Into",1
"Intl",1
"Interviewed",1
"Interval",1
"Intersections",1
"Interpretability",1
"InternationalEducationWeek",1
"Interfaces",1
"Interface",1
"Interested",1
"Interactive",1
"IntelliJ",1
"Intel",1
"Integrated",1
"Instagramstyle",1
"InspiringGenerations",1
"Insights",1
"Inside",1
"Inputs",1
"Inpainting",1
"Innovative",1
"Innovate",1
"Innefective",1
"IngramWhite",1
"Informatics",1
"InformaticianData",1
"Infographics",1
"Infographic",1
"Info",1
"Infection",1
"IndustryBadges",1
"IndustryAcademia",1
"Industrieslogisticsports",1
"IndianaComputes",1
"Index",1
"Independent",1
"Incorporate",1
"Including",1
"Inbred",1
"InHand",1
"InDetail",1
"Imports",1
"Implications",1
"Implementation",1
"Immersion",1
"Imageprocessing",1
"Imaani",1
"Illustrated",1
"Illness",1
"Ijebu",1
"Iil",1
"Identification",1
"Ideas",1
"ITskills",1
"ITservices",1
"ITsecurity",1
"ITEngineers",1
"ISTICNR",1
"ISRO",1
"ISO",1
"ISIS",1
"IOT",1
"IOS",1
"INVITED",1
"INSTALL",1
"IMPROVEMENTS",1
"IMPOSING",1
"IMBstorage",1
"IKEA",1
"IFFI2019",1
"IEEE",1
"IDaware",1
"IDAs",1
"ICSFORTH",1
"IBhawksfly",1
"IBMparts",1
"Hyungsul",1
"Hygiene",1
"Hyderabadbased",1
"Hurdles",1
"Hunger",1
"Humans",1
"Humanobject",1
"HumanBehavior",1
"Hughes",1
"Huge",1
"Hubert",1
"Huang",1
"However",1
"HowTo",1
"Hours",1
"HotelManagementSadly",1
"Hosting",1
"Hospitalized",1
"Hospital",1
"Horizon2020",1
"Hoping",1
"Hooker",1
"Honestly",1
"HomeworkHelp",1
"Homer",1
"Holy",1
"Holograms",1
"Hollie",1
"Holidays",1
"Holding",1
"Hold",1
"Hoare",1
"HiveNet",1
"Histopathology",1
"His",1
"Hiroharu",1
"Hinne",1
"Highlighting",1
"Highland",1
"HigherEd",1
"Hierarchy",1
"Heracleia",1
"Her",1
"HenryRerrie",1
"Henney",1
"Hemodynamic",1
"Helping",1
"Helge",1
"Height",1
"Heidelberg",1
"Hearing",1
"Hear",1
"Heap",1
"Healthy",1
"HealthScience",1
"Health",1
"Heads",1
"Hawque",1
"Hawaiis",1
"Havent",1
"Hasselt",1
"Has",1
"Harvard",1
"Harris",1
"Haris",1
"Happens",1
"Hao",1
"Handshake",1
"HandsOn",1
"Halverson",1
"Hall",1
"Haha",1
"Hacker",1
"HackAThon",1
"HUAWEI",1
"HTTPS",1
"HPX",1
"HPO",1
"HPIHealth",1
"HPE",1
"HPC",1
"HOW",1
"HOME",1
"HELP",1
"HARTRON",1
"HANA",1
"Gym",1
"Gwynedd",1
"Guo",1
"Guided",1
"Guidance",1
"Growth",1
"GrowJobsTogether",1
"Grosso",1
"Grit",1
"Grind",1
"Griffin",1
"Greetings",1
"GrayCellTechQuiz",1
"GrayCellTech",1
"Gray",1
"GraphTheory",1
"GraphQL",1
"GraphDatabases",1
"GraphDatabase",1
"Grandma",1
"Gramsch",1
"Graham",1
"Graeme",1
"GraduationCeremony",1
"Graduation",1
"Graduates",1
"Grades",1
"Grade",1
"Gracious",1
"Governor",1
"Government",1
"Gov",1
"GoogleStadia",1
"GoogleAI",1
"Goodluck",1
"Goodideagrant",1
"Goodharts",1
"Gold",1
"GoalConditioned",1
"Gloucestershire",1
"Glasses",1
"Gladden",1
"GivingTuesday",1
"Github",1
"GirlsWhoCode",1
"GirlScouts",1
"Ghazimatin",1
"Gets",1
"GeodeticScience",1
"GeoSpatial",1
"GeoInformatics",1
"Genius",1
"GenerativeAdversarialNetworks",1
"Generation",1
"Generalized",1
"Gender",1
"Genabith",1
"GeekGirlCon",1
"Gbodjo",1
"GaussianDistribution",1
"Gateway",1
"Gary",1
"Garden",1
"GarbageCollector",1
"Gap",1
"GameStudies",1
"GameDev",1
"Gafni",1
"Gabbay",1
"GWU",1
"GSC",1
"GRAPH",1
"GRADE",1
"GPUDirect",1
"GOOD",1
"GISjobs",1
"GEGLeader",1
"GEGAmman",1
"GDP",1
"GCT",1
"GCPSCTE",1
"GCP",1
"GATE",1
"GANs",1
"GALP",1
"Futurist",1
"FutureReadyLibs",1
"FutureProofing",1
"Furniture",1
"Functions",1
"Fun",1
"FullTime",1
"Fudan",1
"FrontEnd",1
"Fridays",1
"FridayMotivation",1
"FridayFunday",1
"Freshers",1
"French",1
"FreelanceConsulting",1
"FreelanceChat",1
"Freelance",1
"FreedomDividend",1
"Frederik",1
"Fredericton",1
"Frank",1
"Francisco",1
"Francesca",1
"Fourth",1
"Fourier",1
"Founder",1
"Found",1
"Forward",1
"Fortitudo",1
"Fort",1
"Format",1
"Forever",1
"Forecasting",1
"Forbes",1
"Football",1
"Food",1
"FogGuruProject",1
"Fluid",1
"Flow",1
"Florida",1
"Florian",1
"FlitPath",1
"Flipping",1
"Flinders",1
"Flash",1
"First",1
"Firm",1
"Fire",1
"Finishing",1
"Finish",1
"Finegrained",1
"Filtering",1
"Figures",1
"Fight",1
"Fifty",1
"Fields",1
"Fidelity",1
"Fibonacciday",1
"Feiner",1
"FeinbergSchool",1
"Feelin",1
"Feel",1
"Feed",1
"FedScoop",1
"FedEx",1
"Faster",1
"Fast",1
"Fascinating",1
"Farshid",1
"Farms",1
"Fanghui",1
"Fandel",1
"Fanatical",1
"Falsehoods",1
"Falls",1
"Falco",1
"Falahkheirkhah",1
"Fajitas",1
"Fairness",1
"Fairchild",1
"Fair",1
"Failure",1
"Faculty",1
"Factors",1
"Factorization",1
"Facility",1
"Facialrecognition",1
"Facebooks",1
"FTP",1
"FROM",1
"FIU",1
"FINTECH",1
"FIFTH",1
"FCS",1
"FCPSSteam",1
"FBI",1
"FAST",1
"FAMILY",1
"FAIR",1
"F4F",1
"Extraordinary",1
"Express",1
"ExpoFest20",1
"Exploiting",1
"Exploit",1
"Explicit",1
"Explanations",1
"Explains",1
"Explaining",1
"ExpertSystems",1
"ExpertAdvice",1
"Expands",1
"Exists",1
"Exhibit",1
"Executives",1
"Executive",1
"Excellence",1
"Evolutionary",1
"Evolution",1
"Everythings",1
"EveryoneCanCode",1
"Evening",1
"Evans",1
"EvaluationMetrics",1
"Evaluating",1
"EuropeanProgrammes",1
"EurekAlertTrending",1
"EugeneJobs",1
"Eudes",1
"Ethical",1
"Ethan",1
"Estate",1
"Essen",1
"Eskin",1
"EsCODEdido",1
"Errors",1
"Error",1
"Eric",1
"Equations",1
"EpisodeOne",1
"EpicBuild",1
"Environment",1
"Entropy",1
"Entrepreneur",1
"Enthusiasts",1
"Enterprises",1
"Enter",1
"Enrollment",1
"Enrolling",1
"Enroll",1
"Enjoyed",1
"Engineerslater",1
"Endorsement",1
"Enago",1
"Empowering",1
"Empire",1
"Emotion",1
"Emerges",1
"Embedding",1
"Embedded",1
"Ellen",1
"Element",1
"ElectronicsICCSIE",1
"Electronics",1
"Electromobility",1
"Electric",1
"Eight",1
"Efficient",1
"Effects",1
"Effectively",1
"Educator",1
"Educations",1
"Educational",1
"Edtech",1
"Edmond",1
"Editor",1
"EdPolicy",1
"EdLeadership",1
"EdClips",1
"Echo",1
"Easy",1
"EastofEngland",1
"Earth",1
"EarlyLearning",1
"Early",1
"EVSC",1
"EUSD",1
"EU2020",1
"ESinnovate",1
"ESTIMATION",1
"EST",1
"EOS",1
"ELITEBOOK",1
"EDUCATIONFORALL",1
"ECruciani",1
"ECIL",1
"EASY",1
"Dynamics",1
"Dynamically",1
"Dutta",1
"During",1
"Duck",1
"Dublin",1
"Dual",1
"Drunk",1
"Drum",1
"Drpcfix",1
"Drone",1
"Driver",1
"Driven",1
"DriveYourWonder",1
"Dreamed",1
"DreamHack",1
"Drawing",1
"Drake",1
"DrKDGupta",1
"Doug",1
"Dong",1
"Dominating",1
"Domain",1
"Dogs",1
"Doctors",1
"Doctoral",1
"Docs",1
"Dockerfile",1
"Docker",1
"Django",1
"DjGeniusWiz",1
"Divide",1
"Diversity",1
"Diverse",1
"District",1
"Distribution",1
"Distributed",1
"Distinction",1
"Dissection",1
"Disruption",1
"Disparate",1
"Discrete",1
"Discovery",1
"DisasterRecovery",1
"Dipu",1
"Dillig",1
"Digitalization",1
"DigitalSkillsMatter",1
"DigitalSkillsAf",1
"DigitalEthics",1
"DigitalEngineering",1
"Different",1
"Differences",1
"Difan",1
"Diagrams",1
"Diagnostics",1
"Devices",1
"Developing",1
"DevFes",1
"Dev",1
"Deutschland",1
"Detroit",1
"Detectica",1
"Detect",1
"Detailed",1
"Desk",1
"Designers",1
"Designer",1
"DesignThinking",1
"DesignCon",1
"Deputy",1
"DepthFirst",1
"Depp",1
"Departments",1
"Demystifying",1
"Demystified",1
"Demos",1
"Demand",1
"Delve",1
"Delilah",1
"Degrees",1
"Defining",1
"Defense",1
"Deeper",1
"Deepening",1
"DeepMind",1
"DeepFovea",1
"DeepAR",1
"Decodes",1
"DecoChrom",1
"Deck",1
"Deciphering",1
"Decentralized",1
"Decatur",1
"Debugging",1
"Debug",1
"Deans",1
"Deal",1
"DeafEd",1
"Deadly",1
"Dead",1
"Datathon",1
"Datasets",1
"Databricks",1
"DataStructures",1
"DataInfrastructure",1
"DataFrame",1
"DataFlair",1
"Dasagi",1
"Danish",1
"Damage",1
"Daesik",1
"DYK",1
"DYING",1
"DVCS",1
"DSP",1
"DOWNLOAD",1
"DNNBased",1
"DNANet",1
"DIP",1
"DF19",1
"DEVcommunity",1
"DESIGNED",1
"DEO",1
"DEEP",1
"DECEMBER",1
"DDR4",1
"DCLstem",1
"DCIM",1
"DAgostino",1
"DATA",1
"DARPA",1
"Cycle",1
"Cyberpunk",1
"Cyberbot",1
"CyberTeacherND",1
"CyberTeacher",1
"CyberSecurity",1
"CyberGym",1
"Custom",1
"Currently",1
"Csharp",1
"CsWeek",1
"Crystal",1
"Cryptologist",1
"Crypto",1
"Critical",1
"Cripples",1
"Creek",1
"Creatvivity",1
"Creating",1
"Creates",1
"Crawford",1
"Crash",1
"Cracking",1
"Covers",1
"Country",1
"Counterfactual",1
"Couldnt",1
"Costs",1
"Cost",1
"Correction",1
"Corporation",1
"Corpora",1
"Coroutines",1
"Coping",1
"Coordinator",1
"Cooley",1
"Convolutional",1
"Convert",1
"Conundrum",1
"Contrary",1
"Contraction",1
"Continuous",1
"Content",1
"Contemporary",1
"Consultants",1
"Constraints",1
"Constrained",1
"Consequences",1
"Cons",1
"Conquer",1
"Connection",1
"Connecting",1
"Congressional",1
"Conditional",1
"Condition",1
"Concisely",1
"Concepts",1
"ComputingComputerScience",1
"ComputerScienceatTrinity",1
"ComputerScienceIT",1
"ComputerAided",1
"Computationalthinking",1
"ComputationalThinking",1
"ComputationalLinguistics",1
"Component",1
"Complexity",1
"Completion",1
"Comparable",1
"Comp",1
"CommunicationsTechnology",1
"Common",1
"Committee",1
"CommandLine",1
"Combat",1
"Columbia",1
"Collision",1
"CogswellCollege",1
"Cognitive",1
"CodingCapers",1
"Coded",1
"CodePath",1
"CodeCrew",1
"CoSIT",1
"CoCreate",1
"Cloudcomputing",1
"CloudWorkflow",1
"CloudNative",1
"Cloud901",1
"Close",1
"Climate",1
"Clever",1
"Clean",1
"Classroom",1
"Classifier",1
"Class",1
"Claridges",1
"ClaimExpertise",1
"Civil",1
"Circuit",1
"Circles",1
"Chufan",1
"Chromebooks",1
"Christoph",1
"Choosing",1
"ChooseUEL",1
"ChooseEUSD",1
"Choose",1
"Choice",1
"Chip",1
"ChineseChemistry",1
"Chinese",1
"Chinchure",1
"ChildrensDay2019",1
"Childrens",1
"Chicken",1
"Chicagoland",1
"Cheyenne",1
"Chess",1
"Chemistry",1
"ChemicalStructures",1
"CheckYourTech",1
"Charges",1
"Characters",1
"Channel",1
"Changing",1
"Change",1
"Chan",1
"Challenging",1
"Challenges",1
"Chairman",1
"Ceyuan",1
"Cetification",1
"Certificates",1
"Cert",1
"Century",1
"Centre",1
"Central",1
"Catherine",1
"Caszo",1
"Castro",1
"CastleSTEAM",1
"Castle",1
"Case",1
"Cascade",1
"Casagrande",1
"Carvalho",1
"Carpet",1
"Carnegie",1
"Carmack",1
"Carlisle",1
"Careers",1
"CareerKarma",1
"Carbajal",1
"Capitol",1
"Capital",1
"Capers",1
"Capacity",1
"Capability",1
"Capabilities",1
"Candidates",1
"Canadian",1
"Camp",1
"Camilla",1
"Camera",1
"California",1
"Calendar",1
"Calculate",1
"Cairo",1
"CTRLYourFuture",1
"CTAE",1
"CSinSF",1
"CSinPA",1
"CSforGood",1
"CSforCA",1
"CSforAR",1
"CSedweek",1
"CSed",1
"CSV",1
"CSUSM",1
"CSU",1
"CSTA2020",1
"CSForGood",1
"CSEdweek",1
"CSEdWeek",1
"CSE1OOF4OOF",1
"CSE1OOF",1
"CSE",1
"CSDUOC",1
"CSD",1
"CS4all",1
"CS4GA",1
"CRM",1
"CPUs",1
"CPSSuccess",1
"CORE",1
"COMPUTERSCIENCE",1
"CODE4her",1
"CMUPortugal",1
"CLUE",1
"CHIEF",1
"CHEAP",1
"CFCS",1
"CEO",1
"CDE",1
"CAUSED",1
"CALL",1
"Button",1
"BusinessIntelligance",1
"BusinessInformationSystems",1
"BusinessGrowth",1
"BusinessAdministration",1
"Bulathwela",1
"Built",1
"BufferOverflow",1
"Buchanan",1
"Browse",1
"Broadway",1
"Britain",1
"Brighton",1
"Brick",1
"Brett",1
"Brentwood",1
"BrendaDardenW",1
"Breastcancer",1
"Bravo",1
"Brand",1
"Braille",1
"Bradford",1
"Brad",1
"Boys",1
"Box",1
"Bouman",1
"BoulderCSED",1
"BoulderCO",1
"Bots",1
"Botguy",1
"Bot",1
"Borrows",1
"Booth",1
"Boone",1
"Bonus",1
"Boltons",1
"Bolt",1
"BollywoodActress",1
"BoiseState",1
"Bock",1
"Bob",1
"Board",1
"Blockly",1
"Blockchains",1
"BlockChain",1
"Bitsbox",1
"Bits",1
"Birkbeck",1
"Birds",1
"Bird",1
"Bioinformatics",1
"Biochemistry",1
"BinghamtonUniversity",1
"BinBin",1
"Billion",1
"Bilas",1
"Bigram",1
"Biases",1
"BiasVariance",1
"Bias",1
"Betti",1
"BenthamScience",1
"Bennett",1
"Benjamin",1
"Bengaluru",1
"Ben",1
"Belt",1
"Bells",1
"Believed",1
"Belgium",1
"Behind",1
"Behaviour",1
"Behavioral",1
"Beginner",1
"BecomeEditor",1
"Becker",1
"BeautiWithBrain",1
"Beaty",1
"Beat",1
"BeTheNext",1
"Bcz",1
"Batch",1
"Basics",1
"Barriers",1
"Bandits",1
"Balloons",1
"Baker",1
"BUSINESS",1
"BUILT",1
"BPM",1
"BOFs",1
"BMiranda",1
"BMW",1
"BLACKandSTEM",1
"BGC",1
"BDPACon20",1
"BDPACon19",1
"BDPA",1
"BBA",1
"BASICLang",1
"BASIC",1
"AzureVirtualMachineDisks",1
"AzureVirtualMachine",1
"Aziz",1
"Azin",1
"Awww",1
"Aware",1
"Awarded",1
"Award",1
"Available",1
"Automotive",1
"Automated",1
"Autoencoder",1
"Autodesk",1
"AutoAuto",1
"Austria",1
"Auptimizer",1
"Auptimize",1
"Augmentative",1
"Audrey",1
"Audiobooks",1
"Audio",1
"Attributes",1
"Attendees",1
"Atomics",1
"Atari",1
"Asynchronous",1
"Astronomical",1
"Astons",1
"Associate",1
"Assistants",1
"AssignmentHelp",1
"Assets",1
"AssessmentHelp",1
"Assessment",1
"Assembly",1
"AspirationDigital",1
"AsiaPacific",1
"Asia",1
"Artifact",1
"Art",1
"ArrayList",1
"Array",1
"Army",1
"Arlington",1
"Arkansas",1
"Area",1
"AreYouLizardEnough",1
"Arduino",1
"Arctic",1
"Archives",1
"Architectures",1
"ArcGIS",1
"Arbor",1
"Approximation",1
"Approach",1
"ApplyNow",1
"AppliedDigitalSkills",1
"AppleEduChat",1
"Appealing",1
"ApexUniversity",1
"Anyone",1
"Any",1
"Anousha",1
"Announcing",1
"Announces",1
"Announced",1
"Annealer",1
"Ann",1
"Anmo",1
"Angularjs",1
"Angelos",1
"Angeles",1
"Anderson",1
"Analyzing",1
"Analytic",1
"Amsterdam",1
"Amlwchs",1
"American",1
"America",1
"AmazonFutureEngineer",1
"Always",1
"Allies",1
"Alliance",1
"Alibabas",1
"Alibaba",1
"Aliasing",1
"Algorithmic",1
"AlgorithmDeepLearning",1
"Alexas",1
"Alessandro",1
"Aleksandrov",1
"Alan",1
"AkshayStudyAbroad",1
"Akshay",1
"Akita",1
"Ajebo",1
"Airtel",1
"Airpods",1
"Aiden",1
"Aid",1
"Agreed",1
"Agree",1
"Agile",1
"Agent",1
"Africa",1
"Aero",1
"Aerial",1
"Advisory",1
"Advisor",1
"Advertising",1
"Advantages",1
"Advantage",1
"Advances",1
"AdvancedMaterials",1
"Advance",1
"Ads",1
"Adoption",1
"AdminJobs",1
"Aditya",1
"Adam",1
"Acquires",1
"Acquire",1
"Acoustics",1
"Acoustic",1
"Achievements",1
"AccountingAdvanced",1
"Accounting",1
"Accenture",1
"Accelerator",1
"AcademicWriting",1
"AcademicTwitter",1
"AcademicEditors",1
"Academic",1
"Abroad",1
"AWs",1
"AWESOME",1
"ATTENTION",1
"ASSETS",1
"AREA",1
"ARE",1
"APK",1
"API",1
"APCSP",1
"ANN",1
"AND",1
"ALTERNATIVE",1
"AIforGood",1
"AIWeekly",1
"AIM",1
"AIFestival",1
"AIClub",1
"AIC",1
"AI4k12",1
"AGRho",1
"AFSAInfosystems",1
"AES",1
"ACTFL19",1
"ACMW",1
"ACID",1
"ACE",1
"ABertolino",1
"AADT",1
"9999431378",1
"999",1
"92shirts",1
"915",1
"8GB",1
"8583242820",1
"830",1
"80K",1
"8057684",1
"800",1
"80",1
"750",1
"744000",1
"715am",1
"7000",1
"6thgrade",1
"6am",1
"640",1
"6000",1
"5308pm",1
"505",1
"500hrs",1
"4kgaming",1
"4OOF",1
"46pm",1
"45173",1
"44451",1
"428828",1
"41219",1
"40ton",1
"400",1
"3rdGrade",1
"3hr",1
"3d",1
"3DRotationEquivariant",1
"3815",1
"36737",1
"365daysofcode",1
"311",1
"3030",1
"2ndoriginalcopy",1
"2day",1
"29th",1
"25K",1
"25000",1
"247",1
"245",1
"2327",1
"230",1
"2223",1
"21stcenturyskills",1
"21stcentury",1
"21centuryskills",1
"21CTeachMeet",1
"20K",1
"207",1
"203",1
"20202021",1
"2018",1
"2017",1
"2013",1
"2008Now",1
"2000",1
"200",1
"1pm",1
"1980s",1
"18th",1
"1800",1
"180",1
"17th",1
"16th",1
"15th",1
"135",1
"1300138600",1
"12th",1
"12PM",1
"127",1
"1239",1
"1215",1
"120000",1
"1200",1
"120",1
"11am",1
"117",1
"11619",1
"115",1
"1142",1
"1123",1
"111919",1
"1119",1
"1116",1
"110000",1
"11000",1
"10am",1
"10a",1
"108MP",1
"106",1
"1030am",1
"1010",1
"100daysofcs",1
"100daysofcode",1
"100DaysofCode",1
"09122019",1
"09082687404",1
"07423186662",1
"0500",1
